,1903c111_10m_1,1903c111_10m_2,1903c111_10m_3,1903c117_50m_1,1903c117_50m_2,1903c117_50m_3,1903c118_23m_2,1903c118_23m_3,1903c119_11m_2,1903c119_11m_3,1903c122_28m_1,1903c122_28m_2,1903c122_28m_3,1903c123_10m_1,1903c123_10m_2,1903c123_10m_3,1903c124_15m_1,1903c124_15m_2,1903c124_15m_3,1903c126_45m_1,1903c126_45m_2,1903c126_45m_3,1903c127_7m_1,1903c127_7m_2,1903c127_7m_3,1903c129_26m_1,1903c129_26m_2,1903c129_26m_3,1903c144_13m_2,1903c144_13m_3,Las19c107_10m_1,Las19c107_10m_2,Las19c107_10m_3,Las19c135_5m_1,Las19c135_5m_2,Las19c135_5m_3,Las19c138_27m_1,Las19c138_27m_3
TAX_1,0,0,0,0,0,0,0,0,0,0,0,0,0,0,0,0,0,0,0,0,0,0,0,0,0,0,0,0,0,0,0,0,0,0,0,0,100000,0
TAX_2,0,0,0,0,0,0,0,0,0,0,0,0,0,0,0,0,51000,0,0,0,0,0,0,0,0,0,0,0,157000,0,0,0,0,206000,0,0,0,0
TAX_3,0,0,0,0,0,0,0,0,0,94000,0,0,0,0,0,0,0,0,0,0,0,0,62000,0,0,0,0,0,0,0,0,0,0,0,60000,0,56000,0
TAX_4,0,0,0,0,0,0,0,0,0,0,0,0,0,0,0,0,0,0,0,0,0,0,0,0,0,0,67000,0,0,0,0,0,0,0,0,0,109000,0
TAX_5,0,0,0,0,0,0,0,0,0,0,0,0,0,0,0,0,0,0,0,0,0,0,0,0,0,0,0,0,0,0,0,0,0,0,0,0,0,52000
TAX_6,50000,60000,0,50000,0,60000,0,0,0,109000,0,0,0,54000,59000,0,0,53000,0,0,0,0,91000,93000,0,0,0,76000,59000,60000,0,0,0,78000,88000,0,66000,68000
TAX_7,0,0,0,0,0,0,0,0,0,0,0,0,0,0,0,0,0,0,0,0,0,0,0,0,0,0,0,0,0,0,0,0,0,0,0,0,74000,0
TAX_8,0,57000,0,0,54000,0,0,0,0,55000,58000,0,0,50000,54000,0,0,0,0,0,0,0,56000,53000,0,0,59000,0,52000,0,0,0,0,52000,50000,0,86000,0
TAX_9,0,0,0,0,0,0,0,0,0,0,0,0,0,0,0,0,0,0,0,0,0,0,0,0,0,0,0,0,0,0,0,0,0,0,0,0,59000,0
TAX_10,360000,356000,0,174000,119000,78000,0,0,86000,121000,155000,237000,0,841000,668000,0,608000,427000,0,483000,638000,0,83000,76000,0,181000,502000,0,0,0,799000,772000,0,244000,227000,0,2351000,0
TAX_11,1694000,1461000,0,781000,378000,221000,88000,0,313000,293000,659000,1068000,0,3684000,2846000,0,2450000,1936000,0,2173000,2928000,74000,292000,257000,0,797000,2281000,58000,0,0,3413000,3118000,0,1178000,1015000,0,10510000,76000
TAX_12,65000,59000,0,62000,0,0,0,0,0,0,0,55000,0,137000,78000,0,120000,77000,0,114000,145000,0,0,0,0,0,125000,0,0,0,113000,134000,0,51000,0,0,433000,0
TAX_13,564000,709000,0,107000,59000,100000,0,0,0,0,465000,758000,0,196000,181000,0,87000,125000,0,219000,340000,0,0,0,0,110000,303000,0,78000,0,114000,70000,0,0,0,0,547000,0
TAX_14,0,0,0,0,0,0,0,0,0,0,0,0,0,0,0,0,0,0,0,73000,108000,0,0,0,0,0,107000,0,0,0,0,0,0,0,0,0,179000,0
TAX_15,973000,1248000,0,271000,210000,78000,0,0,0,60000,477000,853000,0,573000,511000,0,144000,200000,0,747000,1063000,0,61000,58000,0,343000,880000,0,0,0,370000,186000,0,0,0,0,1074000,0
TAX_16,0,0,0,0,0,0,0,0,0,0,0,0,0,0,0,0,0,0,0,0,0,0,0,0,0,0,61000,0,0,0,0,0,0,0,0,0,96000,0
TAX_17,0,0,0,0,0,0,0,0,0,0,0,0,0,0,0,0,0,0,0,0,58000,0,0,0,0,51000,86000,0,60000,0,0,0,0,0,0,0,86000,0
TAX_18,0,0,0,0,0,0,0,0,0,0,0,0,0,0,0,0,0,0,0,61000,82000,0,0,0,0,0,73000,0,0,0,0,0,0,0,0,0,148000,0
TAX_19,0,0,0,0,0,0,0,0,0,0,72000,140000,0,0,0,0,0,0,0,0,0,0,0,0,0,0,78000,0,0,0,0,0,0,0,0,0,64000,0
TAX_20,0,50000,0,0,0,0,0,0,0,0,0,0,0,0,0,0,0,0,0,0,64000,0,0,0,0,0,65000,0,0,0,0,0,0,0,0,0,284000,0
TAX_21,0,0,0,0,0,0,0,0,0,0,0,0,0,0,0,0,0,0,0,0,0,0,0,0,0,0,0,0,0,0,0,0,0,0,0,0,65000,0
TAX_22,0,0,0,0,0,0,0,0,0,70000,0,0,0,0,0,0,0,0,0,0,0,0,0,0,0,0,0,0,0,0,0,0,0,0,0,0,0,0
TAX_23,0,0,0,0,0,0,0,0,0,61000,0,0,0,0,0,0,0,0,0,0,0,0,0,56000,0,0,0,0,0,0,0,0,0,0,66000,0,0,0
TAX_24,1001000,859000,0,391000,151000,0,0,0,286000,141000,0,0,0,917000,808000,0,1301000,650000,0,0,0,0,125000,152000,0,0,0,65000,65000,0,241000,227000,0,91000,0,0,0,0
TAX_25,0,0,0,0,0,0,0,0,0,67000,0,0,0,0,0,0,0,0,0,0,0,0,0,0,0,0,0,0,0,0,0,0,0,0,0,0,0,0
TAX_26,0,0,0,0,0,0,0,0,0,208000,0,0,0,140000,104000,0,64000,0,0,0,0,0,0,0,0,0,0,0,0,0,180000,123000,0,0,0,0,0,0
TAX_27,0,0,0,0,0,0,0,0,0,67000,0,0,0,0,0,0,0,0,0,0,0,0,0,0,0,0,0,0,0,0,55000,0,0,0,0,0,0,0
TAX_28,105000,123000,0,0,0,0,0,0,0,85000,0,0,0,124000,99000,0,73000,74000,0,0,0,0,60000,84000,0,0,0,0,89000,0,73000,51000,0,61000,53000,0,0,0
TAX_29,0,0,0,0,0,54000,0,0,0,76000,0,0,0,0,0,0,0,0,0,0,0,0,0,0,0,0,0,0,0,0,0,0,0,0,0,0,0,0
TAX_30,0,0,0,0,0,0,0,0,0,65000,0,0,0,0,0,0,0,0,0,0,0,0,0,0,0,0,0,0,0,0,0,0,0,0,0,0,0,0
TAX_31,146000,118000,0,69000,0,654000,0,0,0,3042000,81000,105000,0,250000,201000,2949000,301000,233000,0,0,0,643000,0,0,0,58000,115000,1145000,0,0,414000,208000,0,0,0,2389000,301000,725000
TAX_32,0,0,0,0,0,0,0,0,0,75000,0,0,0,0,0,0,0,0,0,0,0,0,0,0,0,0,0,0,0,0,0,0,0,0,0,0,0,0
TAX_33,0,0,0,0,0,0,0,0,0,89000,0,0,0,0,0,0,0,0,0,0,0,0,0,0,0,0,0,0,0,0,0,0,0,0,0,0,0,0
TAX_34,0,0,0,0,0,0,0,0,0,0,0,0,0,0,0,340000,0,0,0,0,0,0,0,0,0,0,0,0,0,0,0,0,0,0,0,259000,0,0
TAX_35,88000,93000,0,0,0,0,0,0,0,0,0,0,0,0,0,0,0,0,0,0,0,0,0,0,0,0,0,0,0,0,0,0,0,0,0,0,0,0
TAX_36,618000,517000,0,0,0,0,0,0,59000,54000,0,0,0,181000,143000,0,97000,51000,0,0,0,0,0,64000,0,0,0,0,0,0,233000,132000,0,0,0,0,0,0
TAX_37,0,0,0,0,0,0,0,0,0,123000,0,0,0,0,0,0,0,0,0,0,0,0,0,0,0,0,0,0,0,0,68000,0,0,0,0,0,0,0
TAX_38,0,0,0,0,0,0,0,0,0,877000,0,0,0,164000,97000,0,107000,84000,0,0,0,0,0,0,0,0,0,0,0,0,275000,206000,0,0,0,0,0,0
TAX_39,0,0,0,0,0,0,0,0,75000,0,0,0,0,0,0,0,0,0,0,0,0,0,0,0,0,0,0,0,0,0,112000,72000,0,0,0,0,0,0
TAX_40,50000,0,0,52000,0,91000,0,0,0,3451000,0,0,0,254000,212000,0,202000,184000,0,0,0,0,79000,83000,0,0,0,852000,114000,0,433000,312000,0,147000,120000,0,0,0
TAX_41,0,0,0,0,0,0,0,0,0,989000,0,0,0,0,0,0,0,0,0,0,0,0,0,0,0,0,0,0,0,0,0,0,0,0,0,0,0,0
TAX_42,0,0,0,0,0,0,0,0,0,80000,0,0,0,0,0,0,0,0,0,0,0,0,0,0,0,0,0,0,0,0,0,0,0,0,0,0,0,0
TAX_43,0,0,0,0,0,79000,0,0,0,108000,0,0,0,54000,0,0,0,0,0,0,0,0,0,0,0,0,0,0,0,0,0,0,0,0,0,0,361000,0
TAX_44,0,0,0,0,0,0,0,0,0,0,0,0,0,0,0,0,0,0,0,0,0,0,0,0,0,0,0,0,0,0,0,0,0,0,0,0,101000,0
TAX_45,0,0,0,0,0,0,0,0,0,0,0,58000,0,0,0,0,0,0,0,0,69000,0,0,0,0,58000,122000,0,0,0,0,0,0,0,0,0,290000,0
TAX_46,261000,314000,0,170000,132000,142000,0,0,52000,83000,261000,450000,0,532000,430000,0,71000,133000,0,338000,482000,0,153000,131000,0,548000,1238000,0,126000,0,295000,148000,0,93000,92000,0,2379000,0
TAX_47,732000,1120000,0,192000,103000,492000,0,0,0,0,1271000,2693000,0,181000,116000,0,0,0,197000,6142000,7041000,0,0,0,0,4290000,6997000,0,0,0,131000,0,0,0,0,0,8450000,0
TAX_48,100000,123000,0,0,0,0,0,0,0,0,123000,307000,0,0,0,0,0,0,0,245000,345000,0,0,0,0,427000,1475000,0,0,0,0,0,0,0,0,0,3538000,0
TAX_49,0,0,0,0,0,0,0,0,0,0,0,0,0,51000,0,0,0,0,0,0,68000,0,0,0,0,0,72000,0,0,0,0,67000,0,0,0,0,247000,0
TAX_50,306000,439000,0,96000,0,175000,129000,0,0,0,460000,1057000,0,80000,0,0,0,0,62000,3316000,4087000,51000,0,0,0,2072000,4001000,0,0,0,234000,113000,0,0,0,0,4681000,83000
TAX_51,0,0,0,0,0,0,0,0,0,0,0,0,0,0,0,0,0,0,0,0,59000,0,0,0,0,0,94000,0,0,0,0,0,0,0,0,0,201000,0
TAX_52,0,52000,0,0,0,0,0,0,0,0,0,0,0,0,0,0,0,0,0,0,0,0,0,0,0,0,0,0,0,0,0,0,0,0,0,0,75000,0
TAX_53,0,63000,0,223000,123000,83000,0,0,66000,251000,0,0,0,0,0,0,0,0,0,0,0,0,121000,101000,0,0,53000,0,216000,198000,0,0,0,275000,224000,621000,72000,94000
TAX_54,0,0,0,0,0,0,0,0,0,0,0,0,0,0,0,0,0,0,0,0,0,0,0,0,0,0,0,55000,0,0,0,0,0,0,0,0,104000,0
TAX_55,88000,79000,0,0,0,93000,0,0,0,0,0,0,0,0,0,0,0,0,107000,183000,187000,0,0,0,0,73000,75000,0,0,0,0,0,0,0,0,0,1940000,0
TAX_56,1818000,1651000,0,695000,242000,4643000,120000,0,155000,60000,1503000,1995000,0,712000,557000,0,313000,325000,1625000,2602000,2851000,186000,169000,147000,0,5240000,5658000,0,219000,0,2105000,992000,0,0,0,0,11587000,768000
TAX_57,165000,167000,0,64000,0,420000,0,0,0,0,141000,141000,0,69000,0,0,0,0,138000,211000,223000,0,0,0,0,464000,463000,0,0,0,218000,88000,0,220000,144000,0,1253000,66000
TAX_58,62000,236000,0,157000,0,0,0,0,66000,0,60000,296000,0,206000,0,0,53000,0,0,210000,397000,0,1106000,791000,0,628000,1684000,0,384000,0,285000,161000,0,162000,124000,0,1426000,0
TAX_59,1281000,1566000,0,1251000,698000,719000,69000,0,347000,0,1059000,2575000,0,2056000,1726000,0,322000,679000,119000,3260000,4521000,0,1316000,987000,0,5155000,10218000,0,972000,0,3272000,1708000,0,1441000,1074000,0,12586000,68000
TAX_60,5604000,6057000,0,4071000,2140000,4837000,2610000,0,1050000,55000,6546000,8462000,0,4431000,3405000,0,1884000,1624000,1355000,9378000,9435000,60000,562000,511000,0,9029000,9355000,0,572000,0,8417000,7773000,0,608000,362000,50000,9399000,318000
TAX_61,0,0,0,0,0,0,0,0,0,0,0,0,0,0,0,0,0,0,0,0,0,0,74000,69000,0,0,0,0,291000,0,0,0,0,189000,132000,0,0,0
TAX_62,203000,189000,0,0,0,86000,0,0,0,84000,178000,286000,0,0,0,0,51000,0,0,459000,687000,137000,0,0,0,66000,199000,104000,0,0,75000,116000,0,0,0,0,1352000,0
TAX_63,248000,169000,0,79000,0,3454000,0,0,0,3475000,315000,752000,0,140000,106000,0,156000,95000,0,57000,79000,3548000,0,0,0,74000,114000,3289000,0,0,239000,310000,0,0,0,600000,861000,883000
TAX_64,58000,0,0,0,0,0,0,0,0,184000,0,0,0,0,0,0,0,0,0,0,101000,449000,0,0,0,93000,118000,50000,0,0,0,0,0,0,0,0,0,0
TAX_65,79000,91000,0,0,0,204000,0,0,0,507000,0,60000,0,0,0,57000,0,0,0,0,0,542000,0,0,0,0,59000,289000,0,0,64000,70000,0,0,0,2277000,165000,326000
TAX_66,81000,0,0,0,0,109000,0,0,0,0,54000,0,0,0,0,0,0,0,158000,0,0,0,0,0,0,110000,0,0,0,0,0,0,0,0,0,0,278000,0
TAX_67,0,0,0,0,0,0,0,0,0,0,0,0,0,0,0,0,0,0,0,0,0,0,0,0,0,0,0,0,0,0,0,0,0,0,0,0,58000,0
TAX_68,0,0,0,0,0,0,0,0,0,0,0,0,0,0,0,0,0,0,0,0,0,0,0,0,0,0,0,0,0,0,0,0,0,0,0,0,157000,0
TAX_69,0,0,0,0,0,0,0,0,0,0,0,0,0,0,0,0,0,0,0,50000,0,0,0,0,0,0,0,0,0,0,0,0,0,0,0,0,0,0
TAX_70,330000,274000,0,60000,0,245000,0,0,0,0,284000,194000,0,0,0,0,0,0,502000,694000,680000,0,0,0,0,362000,327000,0,80000,0,141000,71000,0,0,0,0,588000,0
TAX_71,1794000,1811000,0,1657000,1426000,1848000,424000,0,513000,0,1842000,1864000,0,1683000,1565000,0,735000,887000,1726000,1839000,1851000,0,1588000,1532000,0,1776000,1843000,0,1318000,0,1748000,1681000,0,1339000,1115000,0,1749000,374000
TAX_72,52000,0,0,0,0,0,0,0,0,0,0,0,0,0,0,0,0,0,93000,84000,88000,0,0,0,0,84000,0,0,0,0,0,0,0,0,0,0,55000,0
TAX_73,0,0,0,0,0,0,0,0,0,0,0,0,0,0,0,0,0,0,105000,204000,266000,0,0,0,0,0,0,0,0,0,0,0,0,0,0,0,0,0
TAX_74,236000,239000,0,149000,78000,145000,79000,0,0,0,145000,233000,0,165000,115000,0,0,0,311000,379000,385000,0,0,0,0,353000,378000,0,0,0,243000,193000,0,0,0,0,288000,0
TAX_75,0,0,0,0,0,0,0,0,0,0,0,0,0,0,0,0,0,0,85000,79000,86000,0,0,0,0,88000,51000,0,0,0,0,0,0,0,0,0,0,0
TAX_76,834000,688000,0,260000,129000,889000,128000,0,0,0,783000,391000,0,67000,61000,0,0,0,999000,867000,854000,0,0,0,0,991000,669000,0,0,0,370000,175000,0,0,0,0,1065000,108000
TAX_77,0,0,0,0,0,53000,0,0,0,0,51000,51000,0,50000,0,0,0,0,0,0,0,0,0,0,0,0,0,0,0,0,65000,56000,0,0,0,0,0,0
TAX_78,54000,57000,0,0,0,0,0,0,0,0,0,0,0,0,0,0,0,0,68000,86000,87000,0,0,0,0,78000,81000,0,0,0,59000,0,0,0,0,0,58000,0
TAX_79,0,0,0,50000,0,54000,0,0,0,0,50000,63000,0,54000,0,0,0,0,0,0,51000,0,0,0,0,54000,59000,0,0,0,57000,54000,0,0,0,0,0,0
TAX_80,63000,60000,0,0,0,69000,0,0,0,0,71000,0,0,0,0,0,0,0,76000,67000,65000,0,0,0,0,68000,0,0,0,0,51000,0,0,0,0,0,82000,0
TAX_81,0,0,0,0,0,0,0,0,0,0,0,0,0,0,0,0,0,0,56000,101000,105000,0,0,0,0,0,0,0,0,0,0,0,0,0,0,0,72000,0
TAX_82,1291000,1197000,0,912000,512000,1442000,153000,0,67000,0,1436000,943000,0,410000,257000,0,109000,97000,1293000,1183000,1166000,0,112000,86000,0,1201000,797000,0,0,0,1097000,637000,0,99000,62000,0,1357000,62000
TAX_83,1221000,1106000,0,903000,687000,1579000,81000,0,269000,0,1557000,998000,0,499000,383000,0,191000,227000,1134000,923000,865000,0,386000,366000,0,898000,556000,0,110000,0,958000,614000,0,385000,294000,0,1206000,88000
TAX_84,800000,770000,0,91000,0,848000,0,0,0,0,736000,896000,0,111000,79000,0,0,0,1047000,1391000,1426000,0,77000,58000,0,664000,896000,0,157000,0,164000,112000,0,50000,0,0,839000,60000
TAX_85,1096000,1101000,0,1088000,893000,1249000,308000,0,333000,0,1182000,1287000,0,1110000,1020000,0,409000,522000,910000,1125000,1134000,0,710000,613000,0,1087000,1187000,0,339000,0,1206000,1135000,0,543000,376000,0,954000,101000
TAX_86,0,0,0,0,0,0,0,0,0,0,0,0,0,0,0,0,0,0,52000,54000,74000,0,0,0,0,0,0,0,0,0,0,0,0,0,0,0,0,0
TAX_87,89000,87000,0,53000,0,70000,0,0,0,0,64000,65000,0,0,0,0,0,0,198000,273000,273000,0,0,0,0,144000,157000,0,0,0,114000,73000,0,0,0,0,116000,0
TAX_88,1316000,1238000,0,444000,237000,1269000,76000,0,0,0,1236000,1082000,0,342000,272000,0,68000,99000,1373000,1381000,1386000,0,142000,138000,0,1142000,1022000,0,228000,0,717000,453000,0,136000,102000,0,1349000,112000
TAX_89,1083000,1014000,0,1463000,1138000,1477000,283000,0,396000,0,1409000,1246000,0,1354000,1167000,0,560000,629000,564000,825000,809000,0,767000,709000,0,1323000,1260000,0,434000,0,1587000,1480000,0,627000,458000,0,1029000,84000
TAX_90,0,0,0,0,0,0,0,0,0,0,0,0,0,0,0,0,0,0,0,136000,147000,0,0,0,0,55000,103000,0,0,0,0,0,0,0,0,0,0,0
TAX_91,83000,59000,0,0,0,0,0,0,0,0,0,0,0,0,0,0,0,0,81000,209000,228000,0,0,0,0,0,0,0,0,0,0,0,0,0,0,0,0,0
TAX_92,1036000,1049000,0,858000,572000,1307000,116000,0,183000,0,1223000,1341000,0,961000,796000,0,240000,326000,1094000,1475000,1481000,0,454000,423000,0,1065000,1231000,0,290000,0,1182000,1010000,0,329000,226000,0,861000,82000
TAX_93,0,0,0,0,0,0,0,0,0,0,0,0,0,0,0,0,0,0,0,63000,85000,0,0,0,0,0,70000,0,0,0,0,0,0,0,0,0,0,0
TAX_94,123000,122000,0,0,0,0,158000,0,0,0,57000,86000,0,0,0,0,0,0,422000,831000,882000,0,0,0,0,601000,742000,0,0,0,0,0,0,0,0,0,164000,0
TAX_95,0,0,0,0,0,0,0,0,0,0,0,0,0,0,0,0,0,0,0,64000,81000,0,0,0,0,0,0,0,0,0,0,0,0,0,0,0,0,0
TAX_96,0,0,0,0,0,0,0,0,0,0,0,0,0,0,0,0,0,0,0,0,0,0,0,0,0,0,0,0,0,0,60000,0,0,0,0,0,491000,0
TAX_97,66000,82000,0,0,0,0,0,0,0,0,0,59000,0,0,0,0,0,0,86000,255000,317000,0,0,0,0,0,60000,0,0,0,74000,0,0,0,0,0,631000,0
TAX_98,0,0,0,0,0,0,0,0,0,0,0,0,0,0,0,0,0,0,0,75000,103000,0,0,0,0,0,0,0,0,0,52000,0,0,0,0,0,387000,0
TAX_99,245000,174000,0,139000,53000,258000,0,0,0,0,207000,0,0,0,0,0,0,0,290000,160000,164000,0,0,0,0,312000,136000,0,105000,0,344000,88000,0,0,0,0,896000,0
TAX_100,0,0,0,0,0,0,0,0,0,0,0,0,0,0,0,0,0,0,0,0,0,0,0,0,0,72000,0,0,0,0,0,0,0,0,0,0,119000,0
TAX_101,83000,66000,0,0,0,0,0,0,0,0,57000,0,0,0,0,0,0,0,106000,0,80000,0,0,0,0,250000,104000,0,0,0,73000,0,0,0,0,0,276000,0
TAX_102,161000,106000,0,72000,0,133000,0,0,0,0,104000,0,0,0,0,0,0,0,186000,88000,0,0,0,0,0,153000,62000,0,0,0,120000,0,0,0,0,0,494000,0
TAX_103,0,0,0,0,0,0,0,0,0,0,0,0,0,0,0,0,0,0,0,0,0,0,0,0,0,0,0,0,0,0,0,0,0,0,0,0,178000,0
TAX_104,718000,521000,0,298000,146000,662000,53000,0,0,0,577000,117000,0,68000,0,0,0,0,839000,464000,487000,0,0,0,0,849000,448000,0,81000,0,637000,207000,0,0,0,0,1151000,127000
TAX_105,0,0,0,0,0,0,0,0,0,0,0,0,0,0,0,0,0,0,60000,0,0,0,0,0,0,101000,0,0,0,0,61000,0,0,0,0,0,248000,0
TAX_106,0,0,0,0,0,0,0,0,0,0,0,0,0,0,0,0,0,0,0,55000,65000,0,0,0,0,0,0,0,0,0,0,0,0,0,0,0,67000,0
TAX_107,86000,67000,0,0,0,91000,0,0,0,0,55000,0,0,0,0,0,0,0,224000,92000,77000,0,0,0,0,66000,0,0,0,0,0,0,0,0,0,0,200000,0
TAX_108,0,0,0,0,0,0,0,0,0,0,0,0,0,0,0,0,0,0,72000,203000,216000,0,0,0,0,67000,83000,0,0,0,0,0,0,0,0,0,0,0
TAX_109,215000,142000,0,60000,0,266000,0,0,0,0,168000,0,0,0,0,0,0,0,685000,288000,250000,0,0,0,0,374000,124000,0,0,0,108000,0,0,0,0,0,501000,0
TAX_110,0,0,0,0,0,0,0,0,0,0,0,0,0,0,0,0,0,0,0,130000,145000,0,0,0,0,0,0,0,0,0,0,0,0,0,0,0,0,0
TAX_111,0,0,0,0,0,0,0,0,0,0,0,0,0,0,0,0,0,0,0,0,0,0,0,0,0,0,0,0,0,0,0,0,0,0,0,0,55000,0
TAX_112,0,0,0,0,0,0,0,0,0,0,0,0,0,0,0,0,0,0,0,52000,0,0,0,0,0,0,0,0,0,0,0,0,0,0,0,0,198000,0
TAX_113,0,0,0,0,0,0,0,0,0,0,0,0,0,0,0,0,0,0,0,0,0,0,0,0,0,0,0,0,0,0,0,0,0,0,0,0,101000,0
TAX_114,133000,168000,0,0,0,0,0,0,0,0,0,0,0,0,0,0,0,0,50000,164000,171000,0,0,0,0,236000,287000,0,0,0,0,0,0,0,0,0,275000,0
TAX_115,55000,62000,0,0,0,0,0,0,0,0,0,0,0,0,0,0,0,0,0,70000,69000,0,0,0,0,58000,76000,0,0,0,0,0,0,0,0,0,122000,0
TAX_116,0,0,0,0,0,0,0,0,0,0,0,0,0,0,0,0,0,0,0,0,69000,0,0,0,0,0,0,0,0,0,0,0,0,0,0,0,151000,0
TAX_117,0,0,0,0,0,0,0,0,0,0,0,0,0,0,0,0,0,0,0,102000,107000,0,0,0,0,0,0,0,0,0,0,0,0,0,0,0,58000,0
TAX_118,0,0,0,0,0,0,0,0,0,0,0,0,0,0,0,0,0,0,0,0,0,0,0,0,0,0,0,0,0,0,0,0,0,0,0,0,143000,0
TAX_119,0,0,0,0,0,0,0,0,0,0,0,0,0,0,0,0,0,0,0,0,0,0,0,0,0,0,0,0,0,0,0,0,0,0,0,0,50000,0
TAX_120,0,0,0,0,0,0,0,0,0,0,0,0,0,0,0,0,0,0,0,0,0,0,0,0,0,0,0,0,0,0,0,0,0,0,0,0,58000,0
TAX_121,0,0,0,0,0,0,0,0,0,0,0,0,0,0,0,0,69000,57000,0,0,0,0,0,0,0,0,0,0,0,0,166000,0,0,0,0,0,0,0
TAX_122,0,0,0,0,0,0,0,0,0,0,0,0,0,0,0,0,0,0,0,0,0,0,0,0,0,0,0,0,0,0,54000,0,0,0,0,0,0,0
TAX_123,0,0,0,0,0,0,0,0,0,0,0,0,0,0,0,0,0,0,0,0,0,0,0,0,0,0,0,0,0,0,97000,0,0,0,0,0,0,0
TAX_124,0,0,0,0,0,55000,0,0,0,0,0,0,0,0,0,0,0,0,0,0,0,146000,0,0,0,0,0,0,0,0,120000,0,0,0,0,0,203000,0
TAX_125,0,0,0,0,0,0,0,0,0,0,0,0,0,0,0,0,77000,67000,0,0,0,226000,0,0,0,0,0,0,0,0,428000,93000,0,0,0,0,269000,0
TAX_126,0,0,0,0,0,0,0,0,0,0,0,0,0,0,0,0,0,0,0,0,0,69000,0,0,0,0,0,0,0,0,105000,0,0,0,0,0,76000,0
TAX_127,0,0,0,109000,0,152000,0,0,0,0,0,0,0,0,0,0,0,0,77000,0,0,163000,0,0,0,0,0,0,51000,0,436000,121000,0,0,0,0,329000,0
TAX_128,0,0,0,0,0,0,0,0,0,0,0,0,0,0,0,0,0,0,0,0,0,0,0,0,0,0,0,0,0,0,0,0,0,0,0,0,52000,0
TAX_129,0,0,0,0,0,0,0,0,0,0,0,0,0,0,0,0,0,0,0,0,0,0,0,0,0,0,0,0,0,0,0,0,0,0,0,0,54000,0
TAX_130,101000,0,0,59000,63000,345000,0,0,0,0,90000,0,0,0,0,0,65000,0,230000,0,0,461000,0,0,0,50000,0,0,136000,0,251000,0,0,0,0,0,635000,89000
TAX_131,0,0,0,0,0,0,0,0,0,0,0,0,0,0,0,0,80000,52000,0,0,0,233000,0,0,0,0,0,0,68000,0,301000,68000,0,0,0,0,262000,0
TAX_132,0,0,0,0,0,75000,0,0,0,0,0,0,0,0,0,0,0,0,53000,0,0,99000,0,0,0,0,0,0,57000,0,188000,0,0,0,0,0,216000,0
TAX_133,0,0,0,0,0,0,0,0,0,0,0,0,0,0,0,0,0,0,0,0,0,0,0,0,0,0,0,0,0,0,89000,0,0,0,0,0,120000,0
TAX_134,0,0,0,0,0,0,0,0,0,0,0,0,0,0,0,0,0,0,0,0,0,106000,0,0,0,0,0,0,0,0,58000,0,0,0,0,0,74000,0
TAX_135,0,0,0,0,0,0,0,0,0,0,0,0,0,0,0,0,0,0,0,0,0,59000,0,0,0,0,0,0,0,0,0,0,0,0,0,0,0,0
TAX_136,0,0,0,0,0,0,0,0,0,0,0,0,0,0,0,0,0,0,0,0,0,0,0,0,0,0,0,0,90000,0,0,0,0,0,0,0,0,0
TAX_137,0,0,0,0,0,0,0,0,0,0,0,0,0,0,0,0,0,0,0,0,0,0,0,0,0,0,0,0,0,0,0,0,0,0,0,0,0,60000
TAX_138,0,0,0,0,0,0,0,0,0,0,0,0,0,0,0,0,0,0,0,0,0,0,0,0,0,0,0,0,0,0,0,0,0,0,0,0,0,84000
TAX_139,112000,116000,0,159000,59000,985000,0,0,50000,505000,303000,549000,115000,67000,0,161000,0,0,0,178000,235000,1044000,53000,100000,108000,280000,461000,610000,85000,0,111000,84000,220000,222000,106000,1009000,595000,1068000
TAX_140,0,0,0,0,0,133000,0,0,0,85000,0,73000,0,0,0,0,0,0,0,0,0,138000,0,0,0,0,73000,61000,0,0,0,0,0,0,0,126000,76000,159000
TAX_141,0,0,0,0,0,111000,0,0,0,214000,0,61000,0,0,0,0,0,0,0,0,0,339000,0,0,0,0,57000,116000,0,0,0,0,0,0,0,87000,115000,152000
TAX_142,0,0,0,0,0,56000,0,0,0,0,0,0,0,0,0,0,0,0,0,0,55000,63000,0,0,0,0,0,0,0,0,0,0,0,0,0,0,362000,0
TAX_143,0,0,0,0,0,0,0,0,0,0,0,0,0,0,0,0,0,0,0,0,0,0,0,0,0,0,0,0,0,0,0,0,0,0,0,0,81000,0
TAX_144,0,0,0,0,0,0,0,0,0,0,0,0,0,0,0,0,0,0,0,0,0,0,0,0,0,0,0,0,0,0,57000,0,0,0,0,0,101000,0
TAX_145,63000,70000,0,58000,0,69000,0,0,0,70000,0,0,0,95000,58000,0,99000,62000,100000,84000,61000,260000,0,0,0,0,0,0,0,0,495000,231000,0,0,0,0,801000,0
TAX_146,73000,58000,0,0,0,135000,0,0,0,0,0,0,0,0,0,0,0,0,104000,150000,163000,497000,0,0,0,0,0,0,0,0,0,0,0,0,0,0,298000,473000
TAX_147,0,0,0,0,0,0,0,0,0,0,0,0,0,0,0,0,0,0,0,0,0,141000,0,0,0,0,0,0,0,0,0,0,0,0,0,0,80000,96000
TAX_148,0,0,0,0,0,0,0,0,0,0,0,0,0,54000,0,0,0,0,0,0,0,0,0,0,0,0,0,0,0,0,0,54000,0,0,0,0,0,0
TAX_149,0,0,0,0,0,0,0,0,0,0,0,0,0,0,0,0,0,0,0,0,0,0,0,0,0,0,0,0,0,0,0,0,0,0,0,0,52000,0
TAX_150,0,0,0,0,0,0,0,0,0,0,0,0,0,150000,112000,0,103000,62000,0,0,70000,88000,0,0,0,0,0,0,0,0,265000,269000,0,0,0,0,353000,0
TAX_151,130000,169000,0,128000,89000,0,0,0,0,0,0,61000,0,941000,663000,0,619000,435000,0,238000,348000,361000,0,0,0,55000,141000,0,111000,0,1262000,1285000,0,0,0,0,1691000,0
TAX_152,0,0,0,0,0,0,0,0,0,0,0,0,0,0,0,0,0,0,0,0,51000,136000,0,0,0,0,0,0,0,0,0,0,0,0,0,0,122000,0
TAX_153,0,0,0,0,0,0,0,0,0,0,0,0,0,0,0,0,0,0,0,0,0,58000,0,0,0,0,0,0,0,0,0,0,0,0,0,0,59000,0
TAX_154,0,0,0,0,0,0,0,0,0,72000,0,0,0,148000,96000,0,84000,0,0,86000,92000,448000,0,0,0,0,0,0,0,0,456000,394000,0,0,0,0,1015000,0
TAX_155,145000,117000,0,122000,60000,345000,0,0,0,195000,77000,74000,0,51000,0,0,0,59000,92000,203000,193000,1600000,0,0,0,183000,223000,65000,54000,0,333000,193000,0,0,0,0,1443000,669000
TAX_156,0,0,0,0,0,0,0,0,0,0,0,0,0,0,0,0,0,0,0,0,0,153000,0,0,0,0,0,0,0,0,0,0,0,0,0,0,147000,56000
TAX_157,0,0,0,0,0,135000,0,0,0,168000,0,0,0,0,0,0,0,0,0,0,0,1334000,0,0,0,0,55000,61000,0,0,0,0,0,0,0,0,177000,453000
TAX_158,74000,80000,0,0,0,91000,0,0,0,0,0,74000,0,0,0,0,0,0,0,314000,443000,404000,0,0,0,268000,663000,0,0,0,0,0,0,0,0,0,131000,816000
TAX_159,0,0,0,0,0,0,0,0,0,455000,0,0,0,55000,0,0,0,0,0,0,0,63000,0,0,0,0,0,274000,0,0,0,0,0,0,0,0,0,0
TAX_160,0,0,0,0,0,61000,0,0,0,0,0,0,0,0,0,0,0,0,63000,83000,74000,255000,0,0,0,0,0,0,0,0,0,0,0,0,0,0,114000,147000
TAX_161,99000,68000,0,0,0,196000,0,0,0,0,51000,0,0,0,0,0,0,0,101000,205000,186000,286000,0,0,0,143000,125000,0,0,0,0,0,0,0,0,0,263000,636000
TAX_162,0,0,0,0,0,0,0,0,0,0,0,0,0,0,0,0,0,0,0,0,0,70000,0,0,0,0,0,0,0,0,0,0,0,0,0,0,0,0
TAX_163,0,0,0,0,0,0,0,0,0,0,0,0,0,0,0,0,0,0,0,0,0,134000,0,0,0,0,0,0,0,0,0,0,0,0,0,0,86000,51000
TAX_164,57000,0,0,0,0,138000,0,0,0,0,71000,0,0,0,0,0,0,0,95000,0,0,118000,0,0,0,58000,0,0,52000,0,62000,0,0,0,0,92000,114000,115000
TAX_165,0,0,0,0,0,180000,0,0,0,0,54000,0,0,0,0,0,0,0,112000,0,0,352000,0,0,0,0,0,0,0,0,66000,0,0,0,0,156000,175000,302000
TAX_166,367000,287000,0,240000,149000,616000,238000,0,84000,149000,442000,90000,0,74000,0,0,116000,94000,582000,217000,213000,665000,179000,167000,0,368000,150000,102000,348000,0,383000,172000,0,212000,257000,461000,594000,621000
TAX_167,154000,114000,0,95000,53000,234000,100000,0,0,81000,181000,0,0,0,0,0,0,0,206000,93000,92000,232000,68000,74000,0,136000,68000,0,133000,0,164000,56000,0,76000,97000,180000,223000,218000
TAX_168,0,0,0,0,0,0,0,0,0,0,0,0,0,0,0,0,0,0,0,0,0,0,0,0,0,0,0,0,257000,0,0,0,0,0,62000,0,0,0
TAX_169,0,0,0,0,0,0,0,0,0,0,0,0,0,0,0,0,0,0,0,0,0,0,0,0,0,0,0,0,51000,0,0,0,0,0,0,0,0,0
TAX_170,0,0,0,0,0,0,0,0,0,98000,0,0,0,0,0,0,0,0,0,0,0,136000,0,0,0,0,0,0,0,0,0,0,0,0,0,0,0,53000
TAX_171,0,55000,0,0,0,68000,0,0,0,0,0,0,0,0,0,0,0,0,0,101000,123000,444000,0,0,0,98000,180000,75000,0,0,0,0,0,0,0,90000,113000,511000
TAX_172,0,0,0,0,0,0,0,0,0,0,0,0,0,0,0,0,0,0,0,0,0,79000,0,0,0,0,0,0,0,0,0,0,0,0,0,0,0,0
TAX_173,0,0,0,0,0,67000,0,0,0,0,0,0,0,0,0,0,0,0,0,0,0,0,0,0,0,0,0,464000,0,0,0,0,0,0,0,0,0,0
TAX_174,0,0,0,0,0,0,0,0,0,0,0,0,0,0,0,0,0,0,0,0,0,90000,0,0,0,0,0,0,0,0,0,0,0,0,0,0,0,0
TAX_175,0,0,0,0,0,0,0,0,0,109000,0,0,0,0,0,0,0,0,0,0,0,0,0,0,0,0,0,0,0,0,0,0,0,0,0,0,0,0
TAX_176,69000,51000,0,0,0,73000,0,0,0,0,0,0,0,0,0,0,0,0,0,0,0,0,122000,127000,0,0,0,0,65000,0,0,0,0,137000,153000,0,0,69000
TAX_177,0,0,0,92000,0,139000,0,0,0,82000,0,0,0,0,0,0,0,0,0,0,0,66000,0,0,0,0,0,0,0,0,237000,64000,0,0,0,80000,152000,87000
TAX_178,563000,392000,0,109000,52000,1779000,67000,0,0,0,1309000,370000,0,0,0,0,0,0,353000,180000,148000,0,119000,94000,0,422000,172000,0,0,0,167000,56000,0,114000,110000,0,534000,183000
TAX_179,0,0,0,0,0,193000,0,0,0,0,144000,53000,0,0,0,0,0,0,0,0,0,0,0,0,0,0,0,0,0,0,0,0,0,0,0,0,55000,0
TAX_180,0,0,0,0,0,63000,0,0,0,0,0,0,0,0,0,0,0,0,54000,0,0,0,0,0,0,0,0,0,0,0,0,0,0,0,0,0,52000,0
TAX_181,113000,111000,0,0,0,477000,0,0,0,0,379000,110000,0,0,0,0,0,0,108000,0,0,0,0,0,0,91000,0,0,0,0,0,0,0,0,0,0,121000,0
TAX_182,0,0,0,0,0,0,0,0,0,0,0,0,0,0,0,0,0,0,0,0,0,0,0,0,0,0,0,0,0,0,0,0,0,0,0,0,66000,0
TAX_183,0,0,0,0,0,0,0,0,0,0,0,0,0,0,0,0,0,0,117000,0,0,0,0,0,0,0,0,0,0,0,0,0,0,0,0,0,0,0
TAX_184,0,0,0,0,0,56000,0,0,0,0,0,0,0,0,0,0,0,0,0,0,0,0,0,0,0,0,0,0,0,0,0,0,0,0,0,0,83000,0
TAX_185,0,0,0,0,0,173000,0,0,0,70000,0,0,0,0,0,0,0,0,0,0,0,86000,0,0,0,0,0,0,0,0,0,0,0,0,0,0,61000,0
TAX_186,0,0,0,0,0,92000,0,0,0,208000,0,0,0,0,0,0,0,0,111000,0,0,214000,0,0,0,0,0,0,64000,0,94000,0,0,0,0,0,117000,80000
TAX_187,0,0,0,0,0,103000,0,0,0,199000,0,0,0,0,0,0,0,0,63000,0,0,207000,0,0,0,0,0,0,0,0,0,0,0,0,0,0,62000,252000
TAX_188,0,0,0,0,0,93000,0,0,0,0,0,0,0,0,0,0,0,0,0,0,0,64000,0,0,0,0,0,0,0,0,0,0,0,0,0,0,69000,89000
TAX_189,0,0,0,0,0,0,0,0,0,60000,0,0,0,0,0,0,0,0,0,0,0,0,0,0,0,0,0,0,93000,0,61000,0,0,0,0,0,0,0
TAX_190,58000,0,0,165000,91000,254000,0,0,110000,554000,0,0,0,0,0,0,122000,102000,84000,0,0,74000,106000,86000,0,0,0,109000,184000,0,565000,111000,0,0,109000,0,86000,0
TAX_191,159000,74000,0,70000,0,593000,0,0,0,406000,146000,0,0,0,0,0,105000,90000,497000,60000,54000,188000,0,0,0,179000,0,100000,91000,0,258000,77000,0,0,80000,0,620000,228000
TAX_192,0,0,0,183000,77000,166000,0,0,69000,145000,0,0,0,0,0,0,0,54000,85000,0,0,0,83000,93000,0,0,0,0,0,0,448000,0,0,59000,0,0,145000,0
TAX_193,0,0,0,0,0,96000,0,0,0,53000,0,0,0,0,0,0,0,0,123000,0,0,52000,0,0,0,0,0,0,0,0,54000,0,0,0,0,0,102000,0
TAX_194,0,0,0,0,0,0,0,0,0,0,0,0,0,0,0,0,0,0,0,0,0,53000,0,0,0,0,0,0,0,0,0,0,0,0,0,0,0,0
TAX_195,0,0,0,0,0,0,0,0,0,0,0,0,0,0,0,0,0,0,0,0,0,0,0,0,0,0,0,0,0,0,0,0,0,0,0,0,0,68000
TAX_196,0,0,0,0,0,89000,0,0,0,0,0,0,0,0,0,0,0,0,0,0,0,68000,0,0,0,0,0,0,0,0,0,0,0,0,0,0,0,144000
TAX_197,0,0,0,0,0,76000,0,0,0,0,0,0,0,0,0,0,0,0,0,0,0,86000,0,0,0,59000,0,0,0,0,0,0,0,0,0,70000,0,283000
TAX_198,0,0,0,0,0,0,0,0,0,0,0,0,0,0,0,0,0,0,0,0,0,70000,0,0,0,0,0,0,0,0,0,0,0,0,0,0,0,58000
TAX_199,0,0,0,0,0,0,0,0,0,92000,0,0,0,0,0,0,0,0,0,0,0,0,0,0,0,0,0,0,0,0,72000,0,0,0,0,0,0,0
TAX_200,123000,61000,0,0,0,1442000,0,0,0,1526000,115000,0,0,0,0,55000,108000,136000,0,0,0,991000,424000,464000,0,0,0,875000,1066000,0,204000,0,0,445000,637000,0,79000,1553000
TAX_201,0,0,0,0,0,333000,0,0,0,0,82000,0,0,0,0,0,0,0,0,0,0,0,0,0,0,0,0,0,0,0,0,0,0,0,0,0,0,0
TAX_202,0,0,0,0,0,56000,0,0,0,0,0,0,0,0,0,0,0,0,0,0,0,219000,0,0,0,0,0,0,0,0,0,0,0,0,0,0,0,160000
TAX_203,0,0,0,0,0,0,0,0,0,0,0,0,0,0,0,0,0,0,0,0,0,53000,0,0,0,0,0,0,0,0,0,0,0,0,0,0,0,0
TAX_204,0,0,0,0,0,150000,0,0,0,0,0,0,0,0,0,0,0,0,0,0,0,0,0,0,0,0,0,0,0,0,0,0,0,0,0,0,0,77000
TAX_205,0,0,0,0,0,443000,0,0,0,182000,0,0,0,0,0,82000,0,0,0,0,0,290000,0,0,0,0,0,54000,0,0,65000,0,0,0,0,204000,0,386000
TAX_206,0,0,0,0,0,75000,0,0,0,121000,0,0,0,0,0,0,0,0,0,0,0,177000,0,0,0,0,0,0,0,0,0,0,0,0,0,124000,0,440000
TAX_207,84000,0,68000,475000,236000,632000,67000,0,290000,1752000,0,0,0,125000,109000,738000,258000,260000,99000,0,0,1484000,0,56000,0,0,0,862000,203000,500000,1089000,336000,0,0,69000,1650000,221000,1270000
TAX_208,0,0,0,0,0,0,0,0,0,0,0,0,0,0,0,0,0,0,0,0,0,96000,0,0,0,0,0,0,0,0,0,0,0,0,0,0,0,0
TAX_209,0,0,0,0,0,56000,0,0,0,0,0,0,0,0,0,0,0,0,60000,0,0,612000,0,0,0,0,0,0,0,0,0,0,0,0,0,0,101000,65000
TAX_210,0,0,0,0,0,0,0,0,0,224000,0,0,0,0,0,0,0,0,0,0,0,715000,0,0,0,0,0,90000,0,0,121000,0,0,0,0,0,106000,0
TAX_211,0,0,0,0,0,0,0,0,0,0,0,0,0,0,0,0,0,0,0,0,0,50000,0,0,0,0,0,0,0,0,0,0,0,0,0,0,0,0
TAX_212,0,0,0,0,0,0,0,0,0,0,0,0,0,0,0,0,0,0,0,0,0,206000,0,0,0,0,0,0,0,0,0,0,0,0,0,0,0,0
TAX_213,0,0,0,0,0,0,0,0,0,0,0,0,0,0,0,0,0,0,0,0,0,71000,0,0,0,0,0,0,0,0,0,0,0,0,0,0,0,0
TAX_214,528000,388000,0,0,0,883000,0,0,0,362000,158000,0,0,63000,0,68000,225000,226000,0,0,0,291000,1158000,1093000,0,126000,0,206000,342000,0,173000,59000,0,1089000,1182000,845000,102000,1194000
TAX_215,0,0,0,0,0,0,0,0,0,0,0,0,0,0,0,0,0,0,0,0,0,0,0,0,0,0,0,0,0,0,0,0,0,0,0,477000,0,0
TAX_216,1141000,821000,111000,1035000,646000,1801000,383000,0,825000,1775000,1154000,149000,61000,508000,404000,1500000,891000,908000,106000,0,0,1731000,1287000,1285000,0,334000,71000,1280000,1075000,1058000,1613000,807000,0,964000,1348000,1784000,480000,1784000
TAX_217,0,0,0,110000,0,53000,0,0,104000,430000,0,0,0,91000,57000,256000,97000,69000,0,0,0,51000,0,0,0,0,0,85000,0,0,465000,142000,0,0,0,549000,0,141000
TAX_218,79000,0,0,425000,173000,204000,0,0,310000,574000,0,0,0,98000,69000,107000,213000,190000,0,0,0,84000,85000,92000,0,0,0,304000,121000,132000,714000,268000,0,106000,101000,155000,0,96000
TAX_219,0,0,0,0,0,216000,0,0,0,0,0,0,0,0,0,0,0,0,0,0,0,0,0,0,0,0,0,0,0,0,0,0,0,0,0,0,0,80000
TAX_220,0,0,0,0,0,0,0,0,0,0,0,0,0,0,0,0,0,0,0,0,0,0,0,0,0,0,0,0,0,0,0,0,0,0,0,409000,0,0
TAX_221,0,0,0,0,0,0,0,0,0,0,0,0,0,0,0,0,0,0,0,0,0,0,0,0,0,0,0,0,0,0,0,0,0,0,0,131000,0,0
TAX_222,0,0,0,0,0,0,0,0,0,0,0,0,0,0,0,0,0,0,0,0,0,0,50000,0,0,0,0,0,131000,0,0,0,0,69000,50000,0,0,0
TAX_223,0,0,0,0,0,84000,0,0,0,0,0,0,0,0,0,0,0,0,0,0,0,119000,0,0,0,0,0,0,0,0,0,0,0,0,0,0,0,76000
TAX_224,0,0,0,0,0,0,0,0,0,0,0,0,0,0,0,0,0,0,0,0,0,64000,0,0,0,0,0,0,0,0,0,0,0,0,0,0,0,70000
TAX_225,0,0,0,0,0,61000,0,0,0,222000,0,0,0,0,0,0,0,0,0,0,0,753000,0,0,0,0,0,103000,64000,0,177000,0,0,0,0,0,187000,68000
TAX_226,0,0,0,0,0,270000,0,0,0,53000,0,0,0,0,0,0,0,0,0,0,0,232000,0,0,0,0,0,0,101000,0,56000,0,0,0,0,0,56000,300000
TAX_227,0,0,0,0,0,108000,0,0,0,56000,0,0,0,0,0,0,0,0,0,0,0,87000,55000,53000,0,0,0,0,67000,0,82000,0,0,0,70000,68000,0,106000
TAX_228,0,0,0,0,0,0,0,0,0,0,0,0,0,0,0,0,0,0,0,0,0,85000,0,0,0,0,0,0,0,0,0,0,0,0,0,0,0,0
TAX_229,61000,0,0,0,0,493000,0,0,0,77000,59000,0,0,0,0,0,0,0,178000,0,0,682000,0,0,0,0,0,0,104000,0,129000,0,0,0,54000,270000,171000,645000
TAX_230,330000,168000,0,444000,300000,1154000,169000,0,293000,985000,503000,0,0,99000,80000,224000,263000,259000,504000,0,0,1159000,630000,611000,0,219000,0,597000,942000,151000,925000,318000,0,394000,750000,1014000,611000,1156000
TAX_231,0,0,0,0,0,212000,0,0,0,0,0,0,0,0,0,0,0,0,50000,0,0,281000,0,0,0,0,0,0,0,0,0,0,0,0,0,0,88000,357000
TAX_232,0,0,0,0,0,0,0,0,0,70000,0,0,0,0,0,0,0,0,0,0,0,115000,0,0,0,0,0,0,0,0,0,0,0,0,0,0,0,0
TAX_233,74000,0,0,58000,0,411000,0,0,0,207000,92000,0,0,0,0,0,0,0,175000,0,0,549000,115000,102000,0,67000,0,116000,278000,0,152000,0,0,78000,169000,383000,256000,519000
TAX_234,0,0,0,0,0,85000,0,0,0,179000,0,0,0,0,0,0,0,0,0,0,0,393000,0,0,0,0,0,98000,121000,0,113000,0,0,0,0,0,134000,79000
TAX_235,0,0,0,0,0,126000,0,0,0,0,0,0,0,0,0,0,0,0,64000,0,0,353000,0,0,0,0,0,0,0,0,0,0,0,0,0,0,108000,150000
TAX_236,0,0,0,0,0,89000,0,0,0,0,0,0,0,0,0,0,0,0,0,0,0,96000,0,0,0,0,0,0,86000,0,0,0,0,0,0,74000,51000,102000
TAX_237,0,0,0,0,0,273000,0,0,0,76000,56000,0,0,0,0,0,0,0,74000,0,0,442000,57000,0,0,0,0,0,154000,0,68000,0,0,0,70000,124000,162000,335000
TAX_238,0,0,0,0,0,132000,0,0,0,0,0,0,0,0,0,0,0,0,0,0,0,460000,0,0,0,0,0,0,0,0,0,0,0,0,0,0,0,974000
TAX_239,0,0,0,0,0,0,0,0,0,0,0,0,0,0,0,0,0,0,0,0,0,70000,0,0,0,0,0,0,0,0,0,0,0,0,0,0,0,361000
TAX_240,0,0,0,0,0,0,0,0,0,0,0,0,0,0,0,0,0,0,0,0,0,0,0,0,0,0,0,0,0,0,0,0,0,0,0,0,0,197000
TAX_241,0,0,0,0,0,0,0,0,0,0,0,0,0,0,0,0,0,0,0,0,0,0,0,0,0,0,0,0,0,0,0,0,0,0,0,0,0,70000
TAX_242,0,0,0,0,0,161000,0,0,0,0,0,0,0,0,0,0,0,0,0,0,0,0,359000,332000,0,0,0,0,373000,0,0,0,0,448000,464000,0,0,418000
TAX_243,0,0,0,0,0,92000,0,0,0,0,0,0,0,0,0,0,0,0,0,0,0,50000,0,0,0,0,0,0,0,0,0,0,0,0,0,110000,0,122000
TAX_244,0,0,0,0,0,0,0,0,0,0,0,0,0,0,0,0,0,0,0,0,0,0,0,0,0,0,0,0,0,0,0,0,0,0,0,0,0,56000
TAX_245,112000,69000,0,71000,0,736000,0,0,67000,0,282000,0,0,0,0,0,0,0,0,0,0,0,349000,355000,0,76000,0,0,59000,0,0,0,0,292000,291000,529000,0,532000
TAX_246,0,0,0,0,0,0,0,0,0,0,0,0,0,0,0,0,0,0,0,0,0,0,0,0,0,0,0,0,70000,0,0,0,0,0,0,0,0,0
TAX_247,0,0,0,0,0,0,0,0,0,0,0,0,0,0,0,0,0,0,0,0,0,0,0,0,0,0,0,0,0,0,0,0,0,56000,0,0,0,0
TAX_248,0,0,0,0,0,0,0,0,0,0,0,0,0,0,0,0,0,0,0,0,0,0,0,0,0,0,0,0,82000,0,0,0,0,0,0,0,0,67000
TAX_249,0,0,0,0,0,68000,0,0,0,0,0,0,0,0,0,0,0,0,0,0,0,77000,0,0,0,0,0,0,0,0,0,0,0,0,0,0,0,174000
TAX_250,0,0,0,0,0,0,0,0,0,0,0,0,0,0,0,0,0,0,0,0,0,0,0,0,0,0,0,0,0,0,0,0,0,0,0,0,0,63000
TAX_251,0,0,0,0,0,119000,0,0,0,0,0,0,0,0,0,0,0,0,0,0,0,66000,0,0,0,0,0,0,0,0,0,0,0,0,0,0,0,100000
TAX_252,109000,52000,0,0,0,532000,0,0,0,0,192000,0,0,0,0,0,0,0,123000,0,0,298000,109000,111000,0,73000,0,0,85000,0,60000,0,0,82000,115000,0,107000,482000
TAX_253,0,0,0,0,0,0,0,0,0,0,0,0,0,0,0,0,0,0,0,0,0,0,0,0,0,0,0,0,0,0,0,0,0,0,0,1434000,0,0
TAX_254,0,0,0,0,0,0,0,0,0,0,0,0,0,0,0,0,0,0,0,0,0,0,0,0,0,0,0,0,0,0,0,0,0,0,0,404000,0,0
TAX_255,0,0,0,0,0,0,0,0,0,0,0,0,0,0,0,0,0,0,0,0,0,0,0,0,0,0,0,0,0,0,0,0,0,0,0,90000,0,0
TAX_256,0,0,0,369000,146000,343000,84000,0,313000,1141000,87000,0,0,675000,562000,52000,791000,788000,0,0,0,0,0,0,0,0,0,451000,0,0,1190000,840000,0,0,0,505000,0,76000
TAX_257,0,0,0,70000,0,67000,0,0,77000,241000,0,0,0,128000,101000,0,147000,130000,0,0,0,0,0,0,0,0,0,73000,0,0,263000,146000,0,0,0,84000,0,0
TAX_258,283000,138000,0,150000,57000,1270000,0,0,102000,210000,634000,59000,0,0,0,0,72000,62000,0,0,0,0,83000,108000,0,0,0,123000,86000,0,289000,54000,0,79000,97000,0,0,350000
TAX_259,0,0,0,0,0,80000,0,0,0,293000,0,0,0,0,0,0,91000,72000,0,0,0,0,0,0,0,0,0,126000,0,0,394000,108000,0,0,0,0,0,50000
TAX_260,0,0,0,0,0,50000,0,0,0,0,0,0,0,0,0,0,0,0,0,0,0,0,0,0,0,0,0,0,0,0,0,0,0,0,0,0,0,92000
TAX_261,0,0,0,0,0,102000,0,0,0,97000,0,0,0,0,0,0,0,0,0,0,0,0,0,0,0,0,0,53000,0,0,87000,0,0,0,0,0,0,63000
TAX_262,435000,235000,0,218000,226000,1160000,0,0,268000,1490000,209000,0,0,156000,121000,359000,248000,441000,0,0,0,612000,418000,403000,0,93000,0,1022000,608000,257000,1110000,331000,0,273000,419000,303000,72000,1102000
TAX_263,241000,126000,0,381000,118000,735000,0,0,154000,728000,463000,0,0,83000,59000,214000,453000,248000,0,0,0,293000,840000,832000,0,54000,0,566000,345000,134000,566000,168000,0,493000,799000,594000,0,694000
TAX_264,0,0,0,0,0,261000,0,0,0,174000,0,0,0,0,0,56000,0,0,0,0,0,75000,0,0,0,0,0,111000,0,0,120000,0,0,0,0,0,0,123000
TAX_265,0,0,0,0,0,103000,0,0,0,65000,0,0,0,0,0,0,0,0,60000,0,0,237000,0,0,0,0,0,0,0,0,0,0,0,0,0,73000,0,317000
TAX_266,402000,209000,0,330000,192000,1179000,204000,0,140000,1149000,276000,0,0,98000,78000,305000,295000,274000,707000,0,0,1241000,372000,348000,0,213000,0,758000,627000,161000,920000,302000,0,202000,428000,1077000,553000,1273000
TAX_267,85000,0,0,63000,0,243000,0,0,0,224000,58000,0,0,0,0,57000,56000,50000,157000,0,0,342000,55000,0,0,0,0,125000,99000,0,187000,58000,0,0,61000,220000,113000,367000
TAX_268,0,0,0,0,0,0,0,0,0,0,0,0,0,0,0,0,0,0,0,0,0,0,0,0,0,0,0,0,0,0,0,0,0,0,0,277000,0,0
TAX_269,0,0,0,0,0,0,0,0,0,0,0,0,0,0,0,0,0,0,0,0,0,0,0,0,0,0,0,0,0,0,0,0,0,0,0,1169000,0,0
TAX_270,0,0,0,0,0,0,0,0,0,0,0,0,0,0,0,0,0,0,0,0,0,0,0,0,0,0,0,0,0,0,0,0,0,0,0,129000,0,0
TAX_271,0,0,0,0,0,0,0,0,0,0,0,0,0,0,0,0,0,0,0,0,0,0,0,0,0,0,0,0,0,0,0,0,0,0,0,58000,0,0
TAX_272,0,0,0,0,0,0,0,0,0,0,0,0,0,0,0,0,0,0,0,0,0,0,0,0,0,0,0,0,0,0,0,0,0,0,0,0,0,73000
TAX_273,0,0,0,0,0,0,0,0,0,0,0,0,0,0,0,0,0,0,0,0,0,65000,0,0,0,0,0,0,0,0,0,0,0,0,0,0,0,0
TAX_274,0,0,0,0,0,0,0,0,0,0,0,0,0,0,0,0,0,0,0,0,0,51000,0,0,0,0,0,0,0,0,0,0,0,0,0,0,0,76000
TAX_275,556000,475000,0,102000,0,1760000,85000,0,0,0,1675000,1204000,0,0,0,0,74000,52000,0,0,0,203000,1063000,1026000,0,607000,369000,0,0,0,76000,0,0,863000,692000,300000,126000,1458000
TAX_276,68000,0,0,0,0,157000,0,0,0,62000,0,0,0,0,0,0,0,0,57000,0,0,553000,0,0,0,149000,0,0,0,0,0,0,0,0,0,157000,186000,892000
TAX_277,0,0,0,0,0,59000,0,0,0,0,0,0,0,0,0,0,0,0,0,0,0,169000,0,0,0,0,0,0,0,0,0,0,0,0,0,67000,61000,304000
TAX_278,0,0,0,0,0,0,0,0,0,0,0,0,0,0,0,0,0,0,0,0,0,80000,0,0,0,62000,0,0,0,0,0,0,0,0,0,0,0,1085000
TAX_279,0,0,0,0,0,0,0,0,0,0,0,0,0,0,0,0,0,0,0,0,0,0,0,0,0,0,0,0,0,0,0,0,0,0,0,0,0,122000
TAX_280,0,0,0,0,0,0,0,0,0,0,0,0,0,0,0,0,0,0,0,0,0,0,0,0,0,0,0,0,0,0,0,0,0,0,0,0,0,70000
TAX_281,0,0,0,0,0,0,0,0,0,0,0,0,0,0,0,0,0,0,0,0,0,0,0,0,0,0,0,0,0,0,0,0,0,0,0,0,0,65000
TAX_282,0,0,0,0,0,0,0,0,0,0,0,0,0,0,0,0,0,0,59000,0,57000,0,0,0,0,0,0,0,0,0,0,0,0,0,0,0,0,132000
TAX_283,455000,354000,0,89000,0,1096000,111000,0,0,0,623000,316000,0,0,0,0,51000,0,198000,191000,187000,95000,637000,624000,0,494000,273000,0,99000,0,166000,72000,0,554000,432000,283000,92000,878000
TAX_284,0,0,0,0,0,0,0,0,0,0,0,0,0,0,0,0,0,0,0,0,0,0,0,0,0,0,0,0,0,0,0,0,0,0,0,0,0,61000
TAX_285,110000,74000,0,64000,0,1129000,0,0,0,0,852000,331000,0,0,0,0,0,0,0,0,0,0,232000,194000,0,121000,0,0,120000,0,117000,51000,0,262000,192000,0,0,504000
TAX_286,84000,0,0,0,0,993000,0,0,0,52000,231000,0,0,0,0,0,0,0,72000,0,0,101000,120000,103000,0,0,0,0,0,0,120000,0,0,80000,84000,0,0,251000
TAX_287,0,0,0,0,0,71000,0,0,0,0,0,0,0,0,0,0,0,0,0,0,0,0,0,0,0,0,0,0,0,0,0,0,0,0,0,0,0,0
TAX_288,0,0,0,0,0,734000,0,0,0,0,282000,84000,0,0,0,0,0,0,0,0,0,0,50000,61000,0,0,0,0,0,0,0,0,0,60000,0,0,0,169000
TAX_289,0,0,0,0,0,59000,0,0,0,0,0,0,0,0,0,0,0,0,0,0,0,0,0,0,0,0,0,0,0,0,0,0,0,0,0,0,0,0
TAX_290,0,0,0,0,0,0,0,0,0,0,0,0,0,0,0,0,0,0,0,0,0,0,0,0,0,0,0,0,0,0,0,0,0,0,0,0,0,417000
TAX_291,195000,147000,0,0,0,268000,0,0,0,0,88000,0,0,0,0,0,0,0,0,0,0,272000,446000,447000,0,229000,125000,0,286000,0,0,0,0,506000,489000,438000,127000,605000
TAX_292,0,0,0,0,0,0,0,0,0,0,0,0,0,0,0,0,0,0,0,0,0,0,0,0,0,0,0,0,0,0,0,0,0,0,0,0,0,87000
TAX_293,117000,93000,0,0,0,241000,0,0,0,0,0,0,0,0,0,119000,0,0,0,0,0,246000,245000,232000,0,341000,216000,0,172000,0,63000,0,0,435000,317000,284000,116000,1198000
TAX_294,0,0,0,0,0,63000,0,0,0,0,0,0,0,0,0,0,0,0,0,0,0,92000,0,0,0,0,0,0,0,0,0,0,0,0,0,0,0,508000
TAX_295,60000,0,0,0,0,270000,0,0,0,0,75000,0,0,0,0,0,0,0,56000,0,0,126000,0,0,0,89000,0,0,0,0,0,0,0,0,0,0,101000,323000
TAX_296,396000,283000,0,231000,73000,1336000,0,0,0,79000,598000,248000,0,85000,50000,0,64000,0,216000,140000,152000,572000,194000,184000,0,466000,198000,0,72000,0,486000,247000,0,198000,156000,75000,431000,1219000
TAX_297,0,0,0,0,0,61000,0,0,0,0,0,0,0,0,0,0,0,0,0,0,0,0,0,0,0,0,0,0,0,0,0,0,0,0,0,0,0,66000
TAX_298,199000,144000,0,258000,102000,1411000,70000,0,95000,95000,714000,205000,0,59000,0,0,65000,0,124000,50000,0,319000,127000,125000,0,190000,69000,0,89000,0,438000,185000,0,172000,129000,247000,152000,655000
TAX_299,0,0,0,0,0,55000,0,0,0,91000,0,0,0,0,0,0,0,0,0,0,0,147000,0,0,0,0,0,0,0,0,0,0,0,0,0,0,0,90000
TAX_300,0,0,0,0,0,0,0,0,0,55000,0,0,0,0,0,0,0,0,0,0,0,0,0,0,0,0,0,0,0,0,0,0,0,0,0,0,0,0
TAX_301,0,0,0,0,0,0,0,0,0,0,0,0,0,0,0,0,0,0,0,0,0,0,0,0,0,0,0,0,0,0,0,0,0,0,0,138000,0,0
TAX_302,0,0,0,0,0,0,0,0,0,0,0,0,0,0,0,0,0,0,0,0,0,0,0,0,0,0,0,0,0,0,0,0,0,0,0,493000,0,0
TAX_303,0,0,0,0,0,73000,0,0,0,0,0,0,0,0,0,0,0,0,0,0,0,0,0,0,0,0,0,0,0,0,0,0,0,0,0,0,0,0
TAX_304,0,0,0,0,0,0,0,0,0,0,0,0,0,0,0,0,0,0,0,0,0,54000,0,0,0,59000,0,0,0,0,0,0,0,0,0,0,62000,104000
TAX_305,785000,772000,0,524000,285000,911000,141000,0,349000,302000,683000,526000,0,715000,577000,0,619000,475000,134000,238000,220000,151000,464000,404000,0,394000,326000,102000,291000,0,964000,762000,0,328000,302000,122000,367000,294000
TAX_306,1035000,989000,0,940000,548000,1133000,185000,0,781000,781000,968000,751000,0,1071000,924000,60000,1028000,890000,0,0,0,76000,945000,857000,0,292000,237000,282000,653000,0,1270000,1086000,0,941000,831000,341000,119000,403000
TAX_307,0,0,0,0,0,59000,0,0,0,0,0,0,0,0,0,0,0,0,0,0,0,0,0,0,0,0,0,0,0,0,0,0,0,0,0,0,0,0
TAX_308,0,0,0,0,0,0,0,0,0,0,0,0,0,0,0,0,0,0,0,0,0,0,0,0,0,0,0,0,0,0,0,0,0,70000,0,0,0,0
TAX_309,204000,193000,0,348000,168000,179000,0,0,424000,128000,130000,99000,0,398000,292000,0,278000,209000,0,0,0,0,294000,267000,0,80000,80000,0,438000,0,687000,424000,0,373000,215000,65000,0,89000
TAX_310,0,0,0,0,0,0,0,0,0,0,0,0,0,0,0,0,0,0,0,0,0,0,0,0,0,0,0,0,0,0,86000,70000,0,0,0,0,0,0
TAX_311,0,0,0,0,0,102000,0,0,0,0,0,0,0,0,0,0,0,0,0,0,0,52000,0,0,0,0,0,0,0,0,0,0,0,0,0,0,0,0
TAX_312,0,0,0,0,0,0,0,0,0,0,0,0,0,0,0,0,0,0,0,0,0,0,0,0,0,0,0,0,0,0,56000,0,0,0,0,0,0,0
TAX_313,89000,106000,0,62000,0,129000,0,0,0,0,0,0,0,150000,126000,0,99000,55000,0,0,0,0,159000,132000,0,151000,210000,0,99000,0,193000,135000,0,217000,152000,0,131000,0
TAX_314,402000,366000,0,93000,0,1127000,0,0,63000,0,566000,692000,0,176000,102000,0,161000,110000,0,0,0,0,856000,805000,0,297000,393000,0,523000,0,153000,92000,0,1317000,1036000,0,59000,96000
TAX_315,0,0,0,0,0,0,0,0,0,0,0,0,0,0,0,0,0,0,0,0,0,0,0,0,0,58000,144000,0,0,0,0,0,0,0,0,0,0,0
TAX_316,0,0,0,0,0,0,0,0,0,0,0,0,0,54000,0,0,0,0,0,0,0,0,0,0,0,0,0,0,0,0,181000,0,0,0,0,0,373000,0
TAX_317,0,0,0,152000,66000,0,0,0,55000,277000,0,0,0,239000,164000,0,174000,128000,0,0,0,0,0,0,0,0,0,0,0,0,353000,193000,0,0,0,0,0,0
TAX_318,0,0,0,0,0,0,0,0,0,61000,0,0,0,0,0,0,0,0,0,0,0,70000,0,0,0,0,0,0,0,0,64000,0,0,0,0,0,0,50000
TAX_319,0,0,0,0,0,0,0,0,0,0,0,0,0,0,0,0,0,0,0,0,0,0,0,0,0,0,0,0,0,0,0,0,0,0,0,0,95000,0
TAX_320,0,0,0,62000,0,0,0,0,0,94000,0,0,0,113000,68000,0,84000,69000,0,0,0,0,0,0,0,0,0,0,0,0,208000,105000,0,0,0,0,93000,0
TAX_321,0,0,0,0,0,59000,0,0,0,0,0,0,0,0,0,0,0,0,0,0,0,0,0,0,0,0,0,0,0,0,0,0,0,0,0,0,0,0
TAX_322,59000,0,0,0,0,451000,0,0,0,89000,85000,0,0,0,0,0,0,0,140000,0,0,0,59000,0,0,0,0,0,67000,0,220000,0,0,0,0,63000,0,214000
TAX_323,0,0,0,0,0,434000,0,0,0,0,77000,0,0,0,0,0,0,0,65000,0,0,0,0,0,0,0,0,0,0,0,60000,0,0,0,0,0,68000,54000
TAX_324,0,0,0,0,0,85000,0,0,0,0,0,0,0,0,0,0,0,0,0,0,0,0,0,0,0,0,0,0,0,0,0,0,0,0,0,0,0,0
TAX_325,0,0,0,0,0,0,0,0,0,202000,0,0,0,0,0,0,0,0,0,0,0,0,0,0,0,0,0,0,0,0,86000,0,0,0,0,0,0,0
TAX_326,199000,131000,0,0,0,264000,0,0,0,0,101000,0,0,0,0,0,0,0,0,0,0,0,216000,210000,0,0,0,0,94000,0,51000,0,0,174000,227000,66000,0,60000
TAX_327,0,0,0,0,0,94000,0,0,0,0,0,0,0,0,0,0,0,0,65000,0,0,0,0,0,0,51000,0,0,0,0,60000,0,0,0,0,0,203000,0
TAX_328,124000,84000,0,172000,56000,396000,0,0,113000,195000,198000,0,0,184000,162000,0,287000,265000,0,0,0,0,101000,67000,0,0,0,94000,67000,0,315000,114000,0,61000,0,0,0,0
TAX_329,0,0,0,0,0,60000,0,0,0,0,0,0,0,0,0,0,0,0,0,0,0,0,0,0,0,0,0,0,0,0,0,0,0,0,0,0,0,0
TAX_330,0,0,0,0,0,0,0,0,0,0,0,0,0,0,0,0,0,0,72000,0,0,0,0,0,0,0,0,0,0,0,0,0,0,0,0,0,121000,0
TAX_331,0,0,0,0,0,0,0,0,0,0,0,0,0,0,0,0,0,0,0,0,0,0,0,0,0,0,0,0,0,0,0,0,0,0,0,0,57000,0
TAX_332,0,0,0,0,0,0,0,0,0,0,0,0,0,0,0,0,0,0,0,0,0,0,0,0,0,0,0,0,0,0,0,0,0,0,0,0,133000,0
TAX_333,0,0,0,0,0,0,0,0,0,0,0,0,0,0,0,0,0,0,0,0,0,0,0,0,0,0,0,0,0,0,0,0,0,0,0,0,56000,0
TAX_334,0,0,0,0,0,0,0,0,0,0,0,0,0,0,0,0,0,0,0,0,0,0,0,0,0,0,0,0,0,0,0,0,0,0,0,0,235000,0
TAX_335,0,0,0,0,0,0,0,0,0,0,0,0,0,0,0,0,0,0,0,0,0,0,0,0,0,0,0,0,0,0,0,0,0,0,0,0,102000,0
TAX_336,116000,79000,0,0,0,94000,0,0,0,0,0,0,0,0,0,0,0,0,79000,0,0,0,0,0,0,0,0,0,0,0,0,0,0,0,0,0,106000,0
TAX_337,0,0,0,0,0,0,0,0,0,0,0,0,0,0,0,0,0,0,0,0,0,0,0,0,0,0,0,0,0,0,0,0,0,0,0,0,74000,0
TAX_338,0,0,0,0,0,0,0,0,0,0,0,0,0,0,0,0,0,0,0,0,0,0,0,0,0,0,0,0,0,0,0,0,0,0,0,0,50000,0
TAX_339,0,0,0,0,0,0,0,0,0,0,0,0,0,0,0,0,0,0,0,0,0,0,0,0,0,0,0,0,0,0,0,0,0,0,0,0,153000,0
TAX_340,57000,0,0,0,0,60000,0,0,0,0,0,0,0,0,0,0,0,0,146000,0,0,0,0,0,0,0,0,0,0,0,0,0,0,0,0,0,318000,0
TAX_341,0,0,0,0,0,77000,0,0,0,50000,0,0,0,0,0,0,0,0,0,0,0,431000,0,0,0,0,0,115000,0,0,51000,0,0,0,0,0,117000,0
TAX_342,0,0,0,0,0,209000,0,0,0,0,0,0,0,0,0,0,0,0,0,104000,99000,1162000,0,0,0,0,0,325000,0,0,131000,81000,0,0,0,0,350000,103000
TAX_343,0,0,0,0,0,0,0,0,0,0,0,0,0,0,0,0,0,0,0,0,0,162000,0,0,0,0,0,0,0,0,0,0,0,0,0,0,0,0
TAX_344,95000,107000,0,50000,0,278000,0,0,0,237000,112000,145000,69000,0,0,57000,0,0,0,73000,74000,747000,0,0,0,92000,126000,308000,0,0,74000,60000,0,0,0,503000,271000,358000
TAX_345,0,0,0,0,0,187000,0,0,0,70000,0,55000,156000,0,0,69000,0,0,0,0,0,256000,0,0,0,0,73000,277000,0,0,0,0,0,113000,0,1059000,98000,444000
TAX_346,0,0,0,0,0,117000,0,0,0,0,0,52000,0,0,0,0,0,0,0,0,0,167000,0,0,0,0,0,130000,0,0,0,0,0,0,0,129000,114000,119000
TAX_347,109000,93000,0,0,0,566000,0,0,0,116000,83000,169000,0,0,0,0,0,0,0,163000,188000,1612000,0,0,0,201000,244000,579000,0,0,0,0,0,0,0,471000,679000,1257000
TAX_348,798000,706000,242000,252000,102000,1352000,62000,145000,73000,1186000,822000,1007000,382000,176000,115000,472000,143000,118000,202000,490000,481000,1370000,78000,96000,116000,759000,885000,1413000,72000,271000,401000,350000,128000,309000,105000,1388000,1275000,1364000
TAX_349,0,0,0,0,0,0,0,0,0,0,0,0,0,0,0,0,0,0,0,0,0,149000,0,0,0,0,0,0,0,0,0,0,0,0,0,0,62000,60000
TAX_350,0,0,0,0,0,0,0,0,0,0,0,0,0,0,0,0,0,0,0,0,0,62000,0,0,0,0,0,0,0,0,0,0,0,0,0,0,0,0
TAX_351,185000,158000,0,0,0,812000,0,0,0,323000,164000,247000,112000,0,0,98000,0,0,0,53000,57000,1215000,0,0,0,108000,165000,1225000,0,0,50000,77000,0,82000,0,1148000,481000,822000
TAX_352,0,0,0,0,0,53000,0,0,0,0,0,0,0,0,0,0,0,0,0,0,0,0,0,0,0,0,0,0,0,0,0,0,0,0,0,0,0,50000
TAX_353,371000,376000,0,0,0,1624000,0,0,0,469000,376000,623000,126000,0,0,97000,0,0,112000,334000,326000,1881000,0,0,0,704000,985000,919000,0,50000,111000,119000,0,0,0,1953000,1363000,1901000
TAX_354,61000,53000,0,0,0,309000,0,0,0,67000,61000,94000,0,0,0,0,0,0,0,62000,65000,630000,0,0,0,111000,152000,112000,0,0,0,0,0,0,0,1370000,205000,742000
TAX_355,431000,335000,0,55000,0,897000,0,0,0,711000,571000,702000,455000,62000,50000,78000,54000,0,164000,381000,389000,1007000,0,0,0,441000,590000,810000,0,94000,163000,145000,0,99000,0,883000,849000,943000
TAX_356,159000,139000,0,0,0,391000,0,0,0,271000,218000,270000,161000,0,0,0,0,0,57000,133000,141000,459000,0,0,0,180000,234000,348000,0,0,61000,65000,0,0,0,404000,384000,436000
TAX_357,0,0,0,0,0,0,0,0,0,0,0,0,0,0,0,0,0,0,0,0,0,546000,0,0,0,0,0,0,0,0,0,0,0,0,0,0,140000,68000
TAX_358,0,0,0,0,0,0,0,0,0,0,0,0,0,0,0,0,0,0,0,0,0,0,0,0,0,0,0,0,0,0,0,0,0,0,0,0,60000,0
TAX_359,0,0,0,0,0,0,0,0,0,0,0,0,0,0,0,0,0,0,0,0,0,0,0,0,0,0,0,0,0,0,0,0,0,0,0,0,52000,0
TAX_360,0,0,0,0,0,0,0,0,0,0,0,0,0,0,0,0,0,0,0,0,0,0,0,0,0,0,0,0,0,0,0,0,0,0,0,0,90000,0
TAX_361,0,0,0,0,0,0,0,0,0,0,0,0,0,0,0,0,0,0,0,0,0,0,0,0,0,0,0,0,0,0,0,0,0,0,0,0,84000,0
TAX_362,56000,0,0,0,0,129000,0,0,0,0,60000,0,0,0,0,0,0,0,129000,0,0,0,0,0,0,66000,0,0,0,0,70000,0,0,0,0,0,183000,53000
TAX_363,0,0,0,0,0,0,0,0,0,0,0,0,0,0,0,0,0,0,0,0,0,0,0,0,0,0,0,0,0,0,147000,0,0,0,0,0,95000,0
TAX_364,0,0,0,50000,0,148000,0,0,0,0,0,0,0,0,0,0,0,0,67000,0,0,0,0,0,0,0,0,0,53000,0,254000,0,0,0,0,0,722000,0
TAX_365,0,0,0,0,0,0,0,0,0,0,0,0,0,0,0,0,0,0,55000,0,0,0,0,0,0,0,0,0,0,0,0,0,0,0,0,0,51000,0
TAX_366,0,0,0,0,0,0,0,0,0,0,0,0,0,0,0,0,0,0,0,0,0,0,0,0,0,0,0,0,0,0,0,0,0,0,0,0,150000,0
TAX_367,0,0,0,0,0,0,0,0,0,0,0,0,0,0,0,0,0,0,0,0,0,0,0,0,0,0,0,0,0,0,0,0,0,0,0,0,57000,0
TAX_368,255000,170000,0,59000,0,958000,65000,0,0,0,400000,0,0,0,0,0,0,0,1015000,170000,128000,0,79000,88000,0,308000,92000,0,126000,0,139000,0,0,65000,81000,0,757000,95000
TAX_369,0,0,0,0,0,0,0,0,0,0,0,0,0,0,0,0,0,0,75000,0,0,0,0,0,0,0,0,0,0,0,0,0,0,0,0,0,0,0
TAX_370,0,0,0,0,0,139000,0,0,0,0,54000,0,0,0,0,0,0,0,138000,0,0,0,0,0,0,51000,0,0,0,0,0,0,0,0,0,0,123000,0
TAX_371,0,0,0,0,0,0,0,0,0,0,0,0,0,0,0,0,0,0,0,0,0,0,0,0,0,56000,83000,0,0,0,0,0,0,0,0,0,348000,0
TAX_372,0,0,0,0,0,0,0,0,0,0,0,0,0,0,0,0,0,0,0,0,0,0,0,0,0,102000,288000,0,0,0,0,0,0,0,0,0,0,105000
TAX_373,0,0,0,0,0,0,0,0,0,0,0,0,0,0,0,0,0,0,0,0,0,0,0,0,0,0,0,0,0,0,0,0,0,0,0,0,140000,0
TAX_374,0,0,0,0,0,0,0,0,0,0,0,0,0,0,0,0,0,0,0,0,0,0,0,0,0,0,0,0,0,0,0,0,0,0,0,0,158000,0
TAX_375,0,0,0,0,0,0,0,0,0,0,0,0,0,0,0,0,0,0,0,0,0,0,0,0,0,0,0,0,0,0,0,0,0,0,0,0,77000,0
TAX_376,0,0,0,0,0,0,0,0,0,0,0,0,0,0,0,0,0,0,0,0,0,0,0,0,0,0,0,0,0,0,70000,0,0,0,0,0,0,0
TAX_377,0,0,0,0,0,0,0,0,0,0,0,0,0,0,0,0,0,0,0,0,0,0,0,0,0,0,0,0,0,0,107000,0,0,0,0,0,355000,0
TAX_378,0,0,0,0,0,0,0,0,0,0,0,0,0,0,0,0,0,0,0,0,0,0,0,0,0,0,0,0,0,0,0,0,0,0,0,0,54000,0
TAX_379,0,0,0,0,0,0,0,0,0,0,0,0,0,0,0,0,0,0,0,0,0,88000,0,0,0,0,0,0,0,0,0,0,0,0,0,0,210000,0
TAX_380,0,55000,0,0,0,67000,0,0,0,0,0,73000,0,0,0,0,0,0,0,0,0,177000,81000,76000,0,113000,272000,0,229000,0,0,0,0,237000,140000,0,328000,114000
TAX_381,0,0,0,0,0,0,0,0,0,0,0,0,0,0,0,0,0,0,0,0,0,126000,0,0,0,0,0,0,0,0,0,0,0,0,0,0,108000,0
TAX_382,0,0,0,0,0,0,0,0,0,0,0,0,0,0,0,0,0,0,0,0,0,286000,0,0,0,0,0,0,0,0,0,0,0,0,0,0,60000,143000
TAX_383,0,0,0,0,0,0,0,0,0,2553000,0,0,0,78000,68000,169000,57000,53000,0,0,0,459000,0,0,0,0,0,1041000,0,0,82000,59000,0,0,0,0,0,0
TAX_384,0,0,0,0,0,0,0,0,0,165000,0,0,0,0,0,74000,0,0,0,0,0,158000,0,0,0,0,0,112000,0,0,0,0,0,0,0,0,0,98000
TAX_385,0,0,0,0,0,0,0,0,0,102000,0,0,0,0,0,0,0,0,0,0,0,78000,0,0,0,0,0,60000,0,0,0,0,0,0,0,0,0,0
TAX_386,0,0,0,0,0,0,0,0,0,2660000,0,0,0,70000,57000,409000,58000,0,0,0,0,687000,0,0,0,0,0,1188000,0,77000,116000,87000,0,0,0,59000,61000,0
TAX_387,0,0,0,0,0,57000,0,0,0,264000,0,0,0,0,0,0,0,0,0,0,0,275000,0,0,0,0,0,145000,0,0,0,0,0,0,0,126000,74000,151000
TAX_388,0,0,0,0,0,0,0,0,0,113000,0,0,0,0,0,50000,0,0,0,0,0,116000,0,0,0,0,0,56000,0,0,0,0,0,0,0,57000,0,0
TAX_389,0,0,0,0,0,0,0,0,0,377000,0,0,0,0,0,132000,0,0,0,0,0,398000,0,0,0,0,0,225000,55000,83000,0,0,0,0,0,247000,0,108000
TAX_390,0,0,0,0,0,0,0,0,0,179000,0,0,0,0,0,0,0,0,0,0,0,358000,0,0,0,0,0,69000,0,0,0,0,0,0,0,69000,0,88000
TAX_391,0,0,0,0,0,0,0,0,0,163000,0,0,0,0,0,75000,0,0,0,0,0,150000,0,0,0,0,0,85000,0,67000,0,0,0,0,0,92000,0,63000
TAX_392,0,0,0,0,0,0,0,0,0,0,0,0,0,0,0,0,0,0,0,0,0,0,0,0,0,0,0,0,0,0,0,0,0,0,0,0,62000,0
TAX_393,0,54000,0,90000,0,58000,0,0,0,0,0,0,0,0,0,0,0,0,0,117000,111000,0,0,0,0,68000,93000,0,0,0,100000,0,0,0,0,0,1081000,0
TAX_394,0,0,0,0,0,0,0,0,0,0,0,0,0,55000,0,0,0,0,0,0,0,0,0,0,0,0,0,0,0,0,104000,62000,0,0,0,0,161000,0
TAX_395,175000,147000,0,68000,0,1028000,0,0,0,733000,259000,229000,367000,0,0,98000,0,0,155000,215000,195000,1189000,0,0,0,262000,236000,476000,67000,319000,94000,68000,0,81000,0,768000,800000,1035000
TAX_396,0,0,0,99000,0,430000,0,0,0,430000,76000,85000,181000,0,0,343000,0,0,59000,61000,65000,517000,0,0,0,88000,86000,326000,57000,323000,96000,95000,0,55000,0,515000,355000,454000
TAX_397,0,0,0,0,0,260000,0,0,0,179000,0,59000,108000,0,0,0,0,0,0,0,0,305000,0,0,0,59000,51000,119000,0,90000,0,0,0,0,0,224000,196000,282000
TAX_398,80000,84000,0,72000,0,704000,0,0,0,912000,66000,51000,118000,0,0,200000,0,0,96000,94000,107000,1992000,0,0,0,129000,139000,444000,0,244000,130000,86000,0,0,0,475000,555000,1543000
TAX_399,120000,110000,0,170000,64000,1451000,0,0,0,1288000,222000,267000,671000,69000,0,693000,0,0,116000,141000,113000,1560000,64000,67000,0,215000,268000,808000,160000,842000,163000,123000,0,194000,76000,1549000,1108000,1510000
TAX_400,58000,63000,0,58000,0,854000,0,0,0,669000,103000,127000,286000,0,0,239000,0,0,0,83000,85000,1050000,0,0,0,110000,128000,412000,91000,408000,77000,73000,0,74000,0,1106000,503000,919000
TAX_401,0,0,0,0,0,0,0,0,0,234000,0,0,0,0,0,0,0,0,0,0,0,134000,0,0,0,0,0,109000,0,0,0,0,0,0,0,0,0,0
TAX_402,0,0,0,0,0,0,0,0,0,235000,0,0,0,0,0,0,0,0,0,0,0,187000,0,0,0,0,0,65000,0,0,0,0,0,0,0,0,0,0
TAX_403,265000,160000,0,705000,335000,909000,0,0,559000,368000,362000,89000,0,607000,511000,0,689000,598000,0,0,0,212000,163000,174000,0,80000,0,0,422000,0,1321000,753000,0,244000,245000,116000,149000,264000
TAX_404,0,0,0,0,0,50000,0,0,0,0,0,0,0,0,0,0,0,0,0,0,0,0,0,0,0,0,0,0,0,0,101000,0,0,0,0,0,137000,0
TAX_405,0,0,0,0,0,237000,0,0,0,0,0,0,0,0,0,0,0,0,119000,0,0,0,0,0,0,55000,0,0,0,0,57000,0,0,0,0,0,270000,0
TAX_406,0,0,0,0,0,0,0,0,0,0,0,0,0,0,0,0,0,0,0,0,0,0,0,0,0,0,0,0,0,0,0,0,0,0,0,0,55000,0
TAX_407,0,0,0,0,0,65000,0,0,0,0,0,0,0,0,0,0,0,0,0,0,0,0,0,0,0,0,0,0,0,0,0,0,0,0,0,0,89000,0
TAX_408,0,0,0,0,0,230000,0,0,0,0,64000,0,0,0,0,0,0,0,0,0,0,73000,0,0,0,65000,0,0,0,0,0,0,0,0,0,0,134000,71000
TAX_409,0,0,0,0,0,0,0,0,0,0,0,0,0,0,0,0,0,0,0,0,0,0,0,0,0,0,0,0,78000,0,0,0,0,0,0,0,0,0
TAX_410,0,0,0,0,0,0,0,0,0,0,0,0,0,0,0,0,0,0,0,0,0,0,0,0,0,0,0,0,0,0,0,0,0,0,0,0,59000,0
TAX_411,0,0,0,0,0,0,0,0,0,0,0,0,0,0,0,0,0,0,0,0,0,0,0,0,0,0,56000,0,0,0,0,0,0,0,0,0,181000,0
TAX_412,0,0,0,0,0,90000,0,0,0,0,50000,69000,0,0,0,0,0,0,0,0,0,0,0,0,0,0,0,0,0,0,0,0,0,0,0,0,0,0
TAX_413,60000,57000,0,0,0,213000,0,0,0,0,183000,226000,0,0,0,0,0,0,0,0,0,0,0,0,0,95000,132000,0,0,0,114000,114000,0,0,0,0,0,0
TAX_414,92000,83000,0,0,0,165000,0,0,0,0,123000,151000,0,0,0,0,0,0,0,80000,102000,0,0,0,0,103000,140000,0,0,0,77000,54000,0,0,0,0,60000,0
TAX_415,0,0,0,0,0,195000,0,0,0,0,0,0,0,0,0,0,0,0,96000,0,0,0,0,0,0,0,0,0,0,0,0,0,0,0,0,0,103000,0
TAX_416,0,0,0,0,0,0,0,0,0,0,0,0,0,0,0,0,0,0,53000,0,0,0,0,0,0,0,0,0,0,0,0,0,0,0,0,0,91000,0
TAX_417,0,0,0,0,0,0,0,0,0,0,0,0,0,0,0,0,0,0,0,0,0,0,0,0,0,0,0,0,105000,0,0,0,0,0,0,0,0,0
TAX_418,0,0,0,0,0,97000,0,0,0,0,0,0,0,0,0,0,0,0,83000,0,0,0,0,0,0,0,0,0,0,0,0,0,0,0,0,0,56000,0
TAX_419,71000,0,0,0,0,295000,0,0,0,0,0,0,0,0,0,0,0,0,178000,0,0,0,0,0,0,54000,0,0,0,0,106000,0,0,0,0,0,154000,74000
TAX_420,0,0,0,0,0,143000,0,0,0,0,56000,0,0,0,0,0,0,0,90000,0,0,0,0,0,0,0,0,0,0,0,0,0,0,0,0,0,81000,0
TAX_421,0,0,0,0,0,86000,0,0,0,0,0,0,0,0,0,0,0,0,0,0,0,0,0,0,0,0,0,0,0,0,0,0,0,0,0,0,65000,0
TAX_422,0,0,0,0,0,63000,0,0,0,0,0,0,0,0,0,0,0,0,58000,0,0,0,0,0,0,0,0,0,0,0,0,0,0,0,0,0,0,0
TAX_423,0,0,0,0,0,51000,0,0,0,0,0,0,0,0,0,0,0,0,87000,0,0,0,0,0,0,0,0,0,0,0,63000,0,0,0,0,0,0,0
TAX_424,0,0,0,0,0,0,0,0,0,0,0,0,0,0,0,0,0,0,0,0,0,0,0,0,0,0,0,0,109000,0,0,0,0,0,0,0,0,0
TAX_425,0,0,0,0,0,222000,0,0,0,0,64000,0,0,0,0,0,0,0,154000,0,0,0,70000,0,0,0,0,0,0,0,59000,0,0,0,0,0,146000,68000
TAX_426,107000,53000,0,0,0,561000,0,0,0,0,151000,0,0,0,0,0,0,0,443000,0,0,87000,0,50000,0,116000,0,0,78000,0,122000,0,0,0,69000,0,340000,150000
TAX_427,51000,0,0,0,0,231000,0,0,0,0,63000,0,0,0,0,0,0,0,223000,0,0,0,0,0,0,0,0,0,0,0,67000,0,0,0,0,0,199000,0
TAX_428,0,0,0,0,0,51000,0,0,0,0,0,0,0,0,0,0,0,0,0,0,0,0,0,0,0,0,0,0,0,0,0,0,0,0,0,0,0,0
TAX_429,0,0,0,0,0,73000,0,0,0,0,0,0,0,0,0,0,0,0,0,0,0,0,0,0,0,0,0,0,0,0,0,0,0,0,0,0,0,0
TAX_430,0,0,0,0,0,150000,0,0,0,0,0,0,0,0,0,0,0,0,121000,0,0,0,0,0,0,0,0,0,0,0,0,0,0,0,0,0,90000,0
TAX_431,0,0,0,0,0,123000,0,0,0,0,0,0,0,0,0,0,0,0,133000,0,0,0,0,0,0,0,0,0,0,0,0,0,0,0,0,0,51000,0
TAX_432,0,0,0,0,0,67000,0,0,0,0,0,0,0,0,0,0,0,0,0,0,0,0,0,0,0,0,0,0,0,0,0,0,0,0,0,0,0,0
TAX_433,0,0,0,0,0,275000,0,0,0,0,0,0,0,0,0,0,0,0,112000,0,0,0,0,0,0,0,0,0,0,0,0,0,0,0,55000,0,133000,0
TAX_434,126000,0,0,78000,0,490000,90000,0,0,0,166000,0,0,0,0,0,0,0,326000,0,0,90000,90000,89000,0,92000,0,0,174000,0,178000,0,0,81000,149000,126000,271000,169000
TAX_435,0,0,0,0,0,51000,0,0,0,0,0,0,0,0,0,0,0,0,0,0,0,0,0,0,0,0,0,0,0,0,0,0,0,0,0,0,0,0
TAX_436,0,0,0,0,0,0,0,0,0,0,0,0,0,0,0,0,0,0,50000,0,0,0,0,0,0,0,0,0,0,0,0,0,0,0,0,0,0,0
TAX_437,0,0,0,0,0,251000,0,0,0,0,79000,0,0,0,0,0,0,0,169000,0,0,0,57000,0,0,0,0,0,66000,0,91000,0,0,0,58000,0,129000,60000
TAX_438,0,0,0,0,0,136000,0,0,0,0,0,0,0,0,0,0,0,0,114000,0,0,0,0,0,0,0,0,0,54000,0,56000,0,0,0,0,0,107000,0
TAX_439,0,0,0,0,0,118000,0,0,0,0,0,0,0,0,0,0,0,0,51000,0,0,0,0,0,0,0,0,0,0,0,0,0,0,0,0,0,86000,0
TAX_440,0,0,0,0,0,82000,0,0,0,0,0,0,0,0,0,0,0,0,0,0,0,0,0,0,0,0,0,0,0,0,0,0,0,0,0,0,0,0
TAX_441,0,0,0,0,0,50000,0,0,0,0,0,0,0,0,0,0,0,0,76000,0,0,0,0,0,0,0,0,0,0,0,0,0,0,0,0,0,0,0
TAX_442,0,0,0,0,0,93000,0,0,0,0,0,0,0,0,0,0,0,0,53000,0,0,0,0,0,0,0,0,0,0,0,0,0,0,0,0,0,0,0
TAX_443,0,0,0,0,0,79000,0,0,0,0,0,0,0,0,0,0,0,0,68000,0,0,0,0,0,0,0,0,0,0,0,0,0,0,0,0,0,0,0
TAX_444,0,0,0,0,0,92000,0,0,0,0,0,0,0,0,0,0,0,0,0,0,0,0,0,0,0,0,0,0,0,0,0,0,0,0,0,0,53000,0
TAX_445,0,0,0,0,0,160000,0,0,0,0,0,0,0,0,0,0,0,0,101000,0,0,0,0,0,0,0,0,0,0,0,0,0,0,0,0,0,71000,0
TAX_446,0,0,0,0,0,53000,0,0,0,0,0,0,0,0,0,0,0,0,65000,0,0,0,0,0,0,0,0,0,0,0,0,0,0,0,0,0,75000,0
TAX_447,0,0,0,0,0,69000,0,0,0,0,0,0,0,0,0,0,0,0,0,0,0,0,0,0,0,0,0,0,0,0,0,0,0,0,0,0,0,0
TAX_448,53000,0,0,0,0,238000,0,0,0,0,69000,0,0,0,0,0,0,0,158000,0,0,0,0,0,0,0,0,0,0,0,78000,0,0,0,0,0,88000,51000
TAX_449,0,0,0,0,0,109000,0,0,0,0,0,0,0,0,0,0,0,0,67000,0,0,0,0,0,0,0,0,0,0,0,0,0,0,0,0,0,0,0
TAX_450,0,0,0,0,0,56000,0,0,0,0,0,0,0,0,0,0,0,0,73000,0,0,0,0,0,0,0,0,0,0,0,0,0,0,0,0,0,0,0
TAX_451,0,0,0,0,0,78000,0,0,0,0,0,0,0,0,0,0,0,0,0,0,0,0,0,0,0,0,0,0,0,0,0,0,0,0,0,0,0,0
TAX_452,0,0,0,0,0,0,0,0,0,0,0,0,0,0,0,0,0,0,54000,0,0,0,0,0,0,0,0,0,0,0,0,0,0,0,0,0,60000,0
TAX_453,0,0,0,0,0,56000,0,0,0,0,0,0,0,0,0,0,0,0,59000,0,0,0,0,0,0,0,0,0,0,0,0,0,0,0,0,0,63000,0
TAX_454,0,0,0,0,0,356000,0,0,0,0,59000,0,0,0,0,0,0,0,208000,0,0,0,0,0,0,51000,0,0,0,0,0,0,0,0,0,0,144000,0
TAX_455,0,0,0,0,0,77000,0,0,0,0,0,0,0,0,0,0,0,0,0,0,0,0,0,0,0,0,0,0,0,0,0,0,0,0,0,0,0,0
TAX_456,66000,0,0,0,0,402000,0,0,0,0,109000,0,0,0,0,0,0,0,160000,0,0,59000,202000,197000,0,71000,0,0,392000,0,93000,0,0,155000,256000,0,214000,83000
TAX_457,563000,346000,0,385000,235000,1251000,248000,0,164000,185000,882000,91000,0,83000,63000,0,189000,177000,1151000,177000,166000,508000,655000,581000,0,457000,156000,0,565000,0,779000,274000,0,378000,670000,191000,889000,757000
TAX_458,94000,71000,0,50000,0,446000,56000,0,0,0,136000,0,0,0,0,0,0,0,366000,0,0,67000,0,0,0,127000,0,0,101000,0,132000,0,0,0,74000,0,308000,100000
TAX_459,0,0,0,0,0,172000,0,0,0,0,0,0,0,0,0,0,0,0,112000,0,0,0,0,0,0,0,0,0,0,0,0,0,0,0,0,0,0,0
TAX_460,0,0,0,0,0,104000,0,0,0,0,0,0,0,0,0,0,0,0,64000,0,0,0,0,0,0,0,0,0,0,0,0,0,0,0,0,0,71000,0
TAX_461,0,0,0,0,0,0,0,0,0,0,0,0,0,0,0,0,0,0,50000,0,0,0,0,0,0,0,0,0,0,0,0,0,0,0,0,0,0,0
TAX_462,0,0,0,0,0,58000,0,0,0,0,0,0,0,0,0,0,0,0,0,0,0,0,0,0,0,0,0,0,0,0,0,0,0,0,0,0,0,0
TAX_463,0,0,0,0,0,85000,0,0,0,0,0,0,0,0,0,0,0,0,95000,0,0,0,0,0,0,0,0,0,0,0,0,0,0,0,0,0,0,0
TAX_464,0,0,0,0,0,59000,0,0,0,0,0,0,0,0,0,0,0,0,0,0,0,0,0,0,0,0,0,0,0,0,0,0,0,0,0,0,0,0
TAX_465,0,0,0,0,0,0,0,0,0,0,0,0,0,0,0,0,0,0,58000,0,0,0,0,0,0,0,0,0,0,0,0,0,0,0,0,0,0,0
TAX_466,0,0,0,0,0,117000,0,0,0,0,0,0,0,0,0,0,0,0,79000,0,0,0,0,0,0,0,0,0,0,0,0,0,0,0,0,0,60000,0
TAX_467,0,0,0,0,0,0,0,0,0,0,0,0,0,0,0,0,0,0,0,0,0,0,0,0,0,0,0,0,0,0,50000,0,0,0,0,0,53000,0
TAX_468,0,0,0,0,0,63000,0,0,0,0,0,0,0,0,0,0,0,0,0,0,0,0,0,0,0,0,0,0,0,0,0,0,0,0,0,0,0,0
TAX_469,0,0,0,0,0,93000,0,0,0,0,0,0,0,0,0,0,0,0,0,0,0,0,0,0,0,0,0,0,0,0,0,0,0,0,0,0,0,0
TAX_470,0,0,0,0,0,0,0,0,0,0,0,0,0,0,0,0,0,0,61000,0,0,0,0,0,0,0,0,0,0,0,0,0,0,0,0,0,0,0
TAX_471,0,0,0,0,0,51000,0,0,0,0,0,0,0,0,0,0,0,0,0,0,0,0,0,0,0,0,0,0,0,0,0,0,0,0,0,0,0,0
TAX_472,161000,96000,0,121000,81000,916000,58000,0,0,0,459000,0,0,0,0,0,52000,0,323000,0,0,60000,158000,159000,0,135000,0,0,136000,0,257000,66000,0,102000,161000,0,353000,111000
TAX_473,0,0,0,0,0,157000,0,0,0,0,124000,138000,0,0,0,0,0,0,0,0,0,0,0,0,0,0,53000,0,0,0,0,0,0,0,0,0,53000,0
TAX_474,0,60000,0,0,0,130000,0,0,0,0,74000,112000,0,0,0,0,0,0,0,65000,66000,0,86000,73000,0,111000,123000,0,146000,0,0,0,0,166000,107000,0,110000,0
TAX_475,0,52000,0,0,0,147000,0,0,0,0,91000,101000,0,0,0,0,0,0,0,56000,83000,0,0,0,0,85000,103000,0,0,0,0,0,0,0,0,0,118000,0
TAX_476,0,0,0,0,0,0,0,0,0,0,0,53000,0,0,0,0,0,0,0,80000,101000,0,0,0,0,86000,160000,0,0,0,0,0,0,0,0,0,94000,0
TAX_477,269000,267000,0,185000,142000,912000,81000,0,121000,0,698000,799000,0,127000,87000,0,78000,60000,127000,313000,324000,0,251000,214000,0,394000,472000,0,190000,0,376000,184000,0,378000,250000,0,451000,70000
TAX_478,452000,455000,0,281000,89000,604000,139000,0,76000,0,448000,486000,0,206000,124000,0,147000,90000,306000,582000,625000,0,145000,116000,0,645000,718000,0,97000,0,272000,283000,0,213000,138000,0,750000,117000
TAX_479,826000,892000,0,407000,208000,1701000,191000,0,245000,0,1588000,1540000,0,322000,218000,0,246000,141000,211000,654000,693000,0,718000,660000,0,998000,1151000,0,357000,0,571000,381000,0,805000,657000,0,1070000,105000
TAX_480,0,0,0,0,0,76000,0,0,0,0,0,0,0,0,0,0,0,0,0,0,0,0,0,0,0,72000,0,0,0,0,0,0,0,0,0,0,105000,0
TAX_481,0,0,0,0,0,0,0,0,0,0,0,0,0,0,0,0,0,0,0,0,0,0,0,0,0,0,0,0,0,0,0,0,0,0,0,0,50000,0
TAX_482,84000,120000,0,0,0,158000,104000,0,0,0,121000,261000,0,0,0,0,0,0,71000,277000,320000,0,0,0,0,298000,596000,0,0,0,0,0,0,0,0,0,174000,0
TAX_483,0,0,0,0,0,0,0,0,0,0,0,0,0,0,0,0,0,0,0,0,0,0,0,0,0,0,62000,0,0,0,0,0,0,0,0,0,0,0
TAX_484,0,0,0,0,0,63000,0,0,0,0,0,0,0,0,0,0,0,0,0,0,0,0,0,0,0,0,63000,0,0,0,0,0,0,0,0,0,0,0
TAX_485,0,0,0,0,0,0,0,0,0,0,0,0,0,0,0,0,0,0,0,0,0,0,0,0,0,0,0,0,0,0,0,0,0,0,0,0,59000,0
TAX_486,176000,91000,0,145000,80000,698000,131000,0,0,0,252000,0,0,0,0,0,59000,60000,395000,63000,56000,75000,70000,0,0,274000,83000,0,120000,0,393000,101000,0,54000,69000,0,783000,170000
TAX_487,0,0,0,0,0,0,0,0,0,0,0,0,0,0,0,0,0,0,0,0,0,0,0,0,0,0,0,0,0,0,0,0,0,0,0,0,72000,0
TAX_488,1627000,1482000,0,1645000,1357000,2028000,565000,0,1603000,1470000,1951000,1003000,0,1480000,1352000,0,1775000,1708000,142000,74000,68000,423000,1872000,1846000,0,1214000,634000,312000,1813000,0,1915000,1667000,0,1771000,1894000,240000,1423000,1111000
TAX_489,196000,235000,0,376000,179000,1375000,0,0,221000,917000,372000,377000,0,359000,221000,0,243000,196000,0,0,51000,1328000,323000,293000,0,282000,318000,371000,448000,75000,581000,402000,0,533000,352000,965000,385000,1609000
TAX_490,944000,752000,0,1227000,765000,2088000,358000,0,1002000,991000,1369000,350000,0,1148000,1015000,0,1508000,1363000,79000,0,0,165000,1377000,1271000,0,548000,214000,148000,1317000,0,2066000,1484000,0,1312000,1465000,406000,985000,346000
TAX_491,0,50000,0,81000,0,274000,0,0,75000,233000,0,94000,0,257000,232000,58000,187000,177000,0,0,0,0,52000,0,0,0,0,98000,51000,0,287000,269000,0,64000,0,0,0,0
TAX_492,0,0,0,393000,230000,172000,0,0,423000,1090000,0,0,0,1302000,1137000,348000,1062000,929000,0,0,0,0,0,0,0,0,0,572000,0,0,1382000,1278000,0,0,0,173000,0,67000
TAX_493,72000,80000,0,0,0,591000,0,0,0,92000,65000,0,0,58000,50000,0,0,0,0,50000,0,0,0,0,0,0,0,0,0,0,66000,66000,0,0,0,0,0,112000
TAX_494,53000,0,0,0,0,58000,0,0,0,0,0,0,0,60000,0,0,0,0,0,0,0,0,0,0,0,0,81000,0,0,0,95000,76000,0,0,0,0,139000,0
TAX_495,0,0,0,0,0,0,0,0,0,0,0,0,0,159000,118000,0,124000,80000,0,0,0,0,0,0,0,0,0,0,79000,0,167000,106000,0,0,0,0,84000,0
TAX_496,0,0,0,0,0,0,0,0,0,0,0,0,0,0,0,0,0,0,0,0,0,151000,0,0,0,0,0,0,0,0,0,0,0,0,0,0,0,95000
TAX_497,0,0,0,0,0,0,0,0,0,0,0,0,0,0,0,0,0,0,0,0,0,58000,0,0,0,0,0,0,0,0,0,0,0,0,0,0,0,0
TAX_498,462000,492000,0,500000,261000,1284000,0,0,380000,423000,588000,839000,0,1124000,843000,0,883000,615000,0,82000,82000,1577000,464000,441000,0,559000,877000,95000,532000,0,1168000,876000,0,725000,581000,75000,1602000,837000
TAX_499,0,0,0,0,0,61000,0,0,0,0,0,0,0,0,0,0,0,0,0,0,0,0,0,0,0,0,0,0,0,0,0,0,0,0,0,0,0,136000
TAX_500,172000,126000,0,146000,70000,473000,0,0,0,0,200000,0,0,55000,0,0,68000,60000,234000,97000,106000,163000,0,0,0,217000,86000,0,102000,0,471000,171000,0,0,0,0,1079000,52000
TAX_501,0,0,0,0,0,0,0,0,0,0,0,0,0,0,0,0,0,0,0,0,0,0,0,0,0,0,0,0,0,0,65000,0,0,0,0,0,226000,0
TAX_502,122000,109000,0,82000,0,224000,0,0,0,0,114000,57000,0,74000,53000,0,83000,51000,52000,0,0,0,55000,0,0,102000,51000,0,100000,0,212000,91000,0,73000,66000,0,662000,0
TAX_503,0,0,0,0,0,0,0,0,0,0,0,0,0,0,0,0,0,0,0,0,0,0,0,0,0,0,0,0,52000,0,0,0,0,0,0,0,0,0
TAX_504,0,0,0,0,0,55000,0,0,0,134000,0,0,0,0,0,0,0,0,0,0,0,0,0,0,0,0,0,0,0,0,0,0,0,0,0,0,0,0
TAX_505,2431000,2296000,0,2205000,1378000,3184000,404000,0,1969000,1530000,2814000,2788000,0,2327000,1932000,168000,1944000,1514000,136000,372000,453000,2822000,2244000,2197000,0,2299000,2382000,868000,1755000,84000,2764000,2413000,0,2753000,2388000,1104000,2622000,2955000
TAX_506,75000,68000,0,80000,0,175000,0,0,53000,0,100000,107000,0,81000,56000,0,58000,51000,0,0,0,112000,72000,72000,0,77000,87000,0,0,0,116000,85000,0,103000,80000,0,112000,115000
TAX_507,0,0,0,0,0,0,0,0,0,0,0,0,0,0,0,85000,0,0,0,0,0,0,0,0,0,0,0,0,0,0,0,0,0,0,0,0,0,0
TAX_508,146000,81000,0,82000,0,204000,54000,0,0,0,128000,0,0,0,0,0,0,0,79000,80000,71000,197000,0,0,0,236000,123000,0,0,0,183000,77000,0,50000,0,0,360000,197000
TAX_509,236000,158000,0,0,0,293000,0,0,0,0,71000,0,0,0,0,0,0,0,133000,104000,127000,133000,0,0,0,367000,222000,0,0,0,110000,50000,0,0,0,0,562000,304000
TAX_510,226000,173000,0,83000,0,417000,77000,0,0,0,158000,0,0,0,0,0,0,0,271000,135000,127000,190000,0,0,0,350000,173000,0,0,0,237000,84000,0,0,0,0,505000,259000
TAX_511,50000,0,0,0,0,1778000,0,0,0,243000,382000,600000,0,0,0,0,0,0,0,0,0,223000,127000,159000,0,110000,177000,207000,164000,0,0,0,0,380000,243000,0,53000,1351000
TAX_512,736000,781000,0,705000,499000,1057000,87000,0,823000,437000,800000,916000,0,807000,732000,0,716000,634000,0,0,0,422000,815000,793000,0,505000,708000,243000,543000,0,893000,860000,0,923000,902000,291000,395000,846000
TAX_513,69000,78000,0,0,0,109000,0,0,0,0,0,0,0,0,0,0,0,0,0,90000,77000,0,0,0,0,128000,93000,0,0,0,58000,0,0,0,0,0,327000,0
TAX_514,0,0,0,0,0,66000,0,0,0,0,0,0,0,0,0,0,0,0,0,0,0,0,70000,0,0,0,0,0,90000,0,54000,50000,0,113000,72000,0,0,51000
TAX_515,129000,130000,0,126000,68000,243000,0,0,139000,56000,131000,165000,0,163000,128000,0,134000,104000,0,0,0,113000,144000,144000,0,88000,146000,0,114000,0,190000,179000,0,191000,152000,0,98000,205000
TAX_516,246000,259000,0,153000,90000,584000,0,0,116000,102000,319000,385000,0,249000,185000,0,216000,172000,0,0,0,91000,657000,626000,0,240000,424000,62000,734000,0,456000,351000,0,1164000,805000,50000,133000,706000
TAX_517,0,0,0,64000,0,1811000,0,0,58000,1154000,402000,592000,0,117000,83000,374000,84000,65000,0,0,0,0,60000,70000,0,75000,148000,519000,126000,70000,156000,157000,0,133000,93000,522000,0,1195000
TAX_518,116000,100000,0,348000,140000,2662000,0,50000,247000,2762000,740000,1076000,0,958000,742000,803000,666000,575000,0,0,0,198000,220000,257000,0,258000,353000,2334000,304000,335000,1037000,985000,0,436000,293000,1151000,0,2382000
TAX_519,357000,355000,0,258000,91000,2751000,56000,0,151000,3235000,584000,919000,0,667000,517000,935000,511000,453000,0,179000,215000,741000,225000,282000,0,249000,310000,2462000,249000,333000,750000,717000,0,626000,401000,2896000,129000,2114000
TAX_520,0,0,0,0,0,0,0,0,0,0,0,0,0,0,0,0,0,0,0,0,0,0,0,0,0,0,0,72000,0,0,0,0,0,0,0,102000,0,0
TAX_521,0,0,0,0,0,0,0,0,0,54000,0,0,0,0,0,0,0,0,0,0,0,90000,0,0,0,0,0,91000,0,0,0,0,0,0,0,150000,0,57000
TAX_522,0,0,0,0,0,0,0,0,0,0,0,0,0,0,0,0,0,0,0,0,0,0,0,0,0,0,0,0,0,0,0,0,0,0,0,192000,0,0
TAX_523,0,0,0,0,0,0,0,0,0,0,0,0,0,0,0,0,0,0,0,0,0,0,0,0,0,0,0,0,0,0,0,0,0,0,0,74000,0,0
TAX_524,0,0,0,0,0,1397000,0,0,0,0,205000,137000,52000,0,0,0,0,0,0,0,0,83000,0,0,0,0,0,93000,0,61000,0,0,0,63000,0,1168000,0,455000
TAX_525,434000,388000,0,204000,90000,2134000,0,0,130000,2155000,719000,1034000,0,897000,627000,593000,516000,440000,0,0,0,278000,73000,67000,0,77000,121000,1384000,182000,109000,840000,729000,0,129000,79000,473000,79000,866000
TAX_526,0,0,0,0,0,0,0,0,0,88000,0,0,0,0,0,0,0,0,0,0,0,0,0,0,0,0,0,131000,0,0,0,0,0,0,0,0,0,0
TAX_527,0,0,0,0,0,0,0,0,0,0,0,0,0,0,0,0,0,0,0,0,0,0,0,0,0,0,0,0,0,0,0,0,0,0,0,0,78000,0
TAX_528,0,0,0,0,0,0,0,0,0,0,0,0,0,0,0,0,0,0,0,51000,58000,0,0,0,0,0,0,0,0,0,0,0,0,0,0,0,181000,0
TAX_529,0,0,0,0,0,0,0,0,0,0,0,0,0,0,0,0,0,0,0,0,0,0,0,0,0,0,0,0,0,0,0,0,0,0,0,0,116000,0
TAX_530,0,0,0,0,0,57000,0,0,0,0,0,0,0,0,0,0,0,0,0,0,0,0,57000,58000,0,0,0,0,100000,0,0,0,0,127000,88000,0,0,0
TAX_531,0,0,0,62000,0,0,0,0,0,0,0,0,0,0,0,0,0,0,0,0,0,0,0,0,0,0,0,0,0,0,0,0,0,0,0,0,0,0
TAX_532,0,0,0,0,0,68000,0,0,0,0,0,0,0,0,0,0,0,0,0,0,0,52000,0,0,0,0,0,0,0,0,0,0,0,0,0,0,53000,51000
TAX_533,0,0,0,0,0,100000,0,0,0,0,0,0,0,0,0,0,0,0,0,0,0,68000,0,0,0,0,0,0,57000,0,90000,0,0,0,0,0,533000,57000
TAX_534,0,0,0,0,0,0,0,0,0,0,0,0,0,0,0,0,0,0,0,0,0,0,0,0,0,0,0,0,0,0,0,0,0,0,0,0,83000,0
TAX_535,51000,0,0,0,0,0,0,0,0,0,0,0,0,0,0,0,0,0,0,0,0,0,0,0,0,79000,66000,0,0,0,0,0,0,0,0,0,553000,0
TAX_536,0,51000,0,0,0,79000,0,0,0,87000,0,0,0,52000,0,0,0,0,0,0,0,0,0,0,0,0,0,0,0,0,0,0,0,58000,0,0,0,0
TAX_537,102000,110000,0,78000,0,394000,0,0,0,556000,100000,171000,0,195000,125000,0,102000,95000,0,0,0,0,69000,73000,0,0,102000,62000,76000,0,107000,72000,0,226000,133000,0,0,163000
TAX_538,0,0,0,0,0,0,0,0,0,0,0,0,0,0,0,0,0,0,0,0,66000,0,0,0,0,0,0,0,0,0,0,0,0,0,0,0,308000,0
TAX_539,0,0,0,0,0,0,0,0,0,384000,0,0,0,289000,212000,0,241000,152000,0,0,0,702000,0,0,0,0,0,140000,0,0,583000,382000,0,0,0,0,469000,0
TAX_540,0,0,0,0,0,0,0,0,0,0,0,0,0,0,0,0,0,0,0,0,0,59000,0,0,0,0,0,0,0,0,0,0,0,0,0,0,54000,0
TAX_541,0,0,0,0,0,0,0,0,0,94000,0,0,0,0,0,0,0,0,0,0,0,0,0,0,0,0,0,0,0,0,0,0,0,0,0,0,0,0
TAX_542,0,0,0,0,0,0,0,0,0,0,0,0,0,91000,57000,0,67000,0,0,0,0,0,0,0,0,0,0,0,0,0,211000,165000,0,0,0,0,331000,0
TAX_543,0,0,0,0,0,0,0,0,0,0,0,0,0,51000,0,0,0,0,0,0,0,0,0,0,0,0,0,0,0,0,58000,0,0,0,0,0,57000,0
TAX_544,0,0,0,0,0,0,0,0,0,0,0,0,0,0,0,0,0,0,0,0,0,0,0,0,0,0,0,0,0,0,54000,0,0,0,0,0,98000,0
TAX_545,0,0,0,0,0,52000,0,0,0,91000,0,0,0,51000,0,0,0,0,0,63000,79000,551000,0,0,0,0,0,0,0,0,114000,94000,0,0,0,0,433000,0
TAX_546,0,0,0,0,0,58000,0,0,0,0,0,0,0,0,0,0,0,0,0,0,0,170000,0,0,0,0,0,0,0,0,0,0,0,0,0,0,69000,68000
TAX_547,105000,86000,0,63000,0,447000,0,0,0,423000,60000,73000,0,0,0,0,0,0,0,92000,95000,1126000,0,0,0,75000,105000,84000,87000,0,192000,104000,0,64000,0,197000,634000,669000
TAX_548,73000,84000,0,0,0,112000,0,0,0,216000,0,52000,0,143000,89000,0,80000,103000,0,156000,190000,1735000,0,0,0,0,67000,0,0,0,372000,326000,0,0,0,0,1152000,136000
TAX_549,0,0,0,0,0,182000,0,0,0,156000,0,0,0,0,0,0,0,0,0,0,0,737000,0,0,0,0,0,0,0,0,63000,0,0,0,0,0,286000,213000
TAX_550,163000,107000,0,106000,52000,605000,0,0,53000,50000,422000,88000,0,0,0,0,54000,0,123000,0,0,146000,184000,178000,0,125000,0,0,176000,0,203000,75000,0,200000,235000,79000,350000,162000
TAX_551,0,0,0,0,0,0,0,0,0,0,0,0,0,0,0,0,0,0,0,0,0,78000,0,0,0,0,0,0,0,0,76000,0,0,0,0,0,186000,0
TAX_552,85000,75000,0,96000,0,192000,0,0,51000,0,112000,78000,0,0,0,0,0,0,0,0,0,0,120000,114000,0,214000,206000,0,165000,0,100000,65000,0,248000,225000,0,519000,0
TAX_553,0,0,0,0,0,0,0,0,0,0,0,0,0,0,0,0,0,0,0,0,0,0,0,0,0,0,0,0,0,0,0,0,0,0,0,58000,0,0
TAX_554,0,0,0,0,0,0,0,0,0,0,0,0,0,0,0,0,0,0,0,0,0,0,0,0,0,0,0,0,0,0,155000,77000,0,0,0,0,61000,0
TAX_555,0,0,0,0,0,71000,0,0,0,55000,0,0,0,0,0,0,0,0,0,0,0,0,0,0,0,0,0,0,0,0,0,0,0,0,0,0,111000,139000
TAX_556,0,0,0,0,0,0,0,0,0,0,0,0,0,0,0,0,0,0,0,0,0,0,0,0,0,0,0,0,0,0,52000,0,0,0,0,0,0,0
TAX_557,0,0,0,0,0,0,0,0,0,0,0,0,0,0,0,0,0,0,0,0,0,0,0,0,0,0,0,0,0,0,0,0,0,0,0,0,120000,0
TAX_558,0,0,0,0,0,0,0,0,0,0,0,0,0,0,0,0,0,0,0,0,0,0,0,0,0,0,0,0,0,0,0,0,0,0,0,0,125000,0
TAX_559,0,0,0,128000,0,0,0,0,0,0,0,0,0,0,0,0,0,0,0,0,0,0,0,0,0,0,0,0,0,0,113000,60000,0,0,0,0,0,0
TAX_560,0,0,0,0,0,0,0,0,0,0,0,0,0,0,0,0,0,0,0,0,0,109000,0,0,0,0,0,0,0,0,0,0,0,0,0,0,0,0
TAX_561,0,0,0,0,0,50000,0,0,0,0,0,0,0,0,0,0,0,0,0,0,0,0,0,0,0,0,0,0,0,0,0,0,0,0,0,0,0,0
TAX_562,0,0,0,0,0,0,0,0,0,0,0,0,0,0,0,0,0,0,0,0,0,0,0,0,0,0,0,0,0,0,0,0,0,0,0,0,74000,0
TAX_563,0,0,0,0,0,112000,0,0,0,0,0,0,0,0,0,0,0,0,55000,0,0,0,0,0,0,0,0,0,121000,0,58000,0,0,0,65000,0,201000,0
TAX_564,779000,623000,0,929000,675000,1067000,231000,0,498000,265000,832000,250000,0,728000,641000,0,904000,768000,623000,359000,335000,81000,871000,811000,0,754000,418000,66000,1045000,0,1243000,923000,0,901000,894000,69000,1282000,193000
TAX_565,62000,0,0,0,0,157000,0,0,0,0,68000,0,0,0,0,0,0,0,126000,0,0,0,0,0,0,0,0,0,0,0,90000,0,0,0,0,0,469000,0
TAX_566,0,0,0,0,0,0,0,0,0,0,0,0,0,0,0,0,56000,0,0,0,0,0,0,0,0,0,0,0,0,0,181000,65000,0,0,0,0,229000,0
TAX_567,0,0,0,0,0,0,0,0,0,0,0,0,0,0,0,0,0,0,0,0,0,0,0,0,0,0,0,0,0,0,63000,0,0,0,0,0,88000,0
TAX_568,155000,118000,0,157000,62000,188000,0,0,0,0,95000,0,0,89000,72000,0,117000,63000,112000,75000,80000,0,55000,57000,0,150000,76000,0,61000,0,368000,182000,0,56000,75000,0,565000,0
TAX_569,0,0,0,0,0,0,0,0,0,0,0,0,0,57000,0,0,85000,56000,0,0,0,0,0,0,0,0,0,0,53000,0,269000,103000,0,0,0,0,192000,0
TAX_570,0,0,0,50000,0,0,0,0,0,0,0,0,0,68000,57000,0,85000,0,0,0,0,0,0,0,0,0,0,0,94000,0,212000,77000,0,0,0,0,76000,0
TAX_571,467000,366000,0,696000,375000,657000,159000,0,292000,110000,403000,104000,0,452000,336000,0,501000,388000,344000,194000,168000,0,377000,353000,0,449000,225000,0,543000,0,1009000,640000,0,492000,467000,59000,1011000,68000
TAX_572,0,0,0,0,0,64000,0,0,0,0,0,0,0,0,0,0,0,0,0,0,0,0,0,0,0,0,0,0,0,0,96000,54000,0,0,0,0,151000,0
TAX_573,0,0,0,0,0,0,0,0,0,0,0,0,0,0,0,0,0,0,0,0,0,0,0,0,0,0,0,0,0,0,91000,0,0,0,0,0,116000,0
TAX_574,0,0,0,0,0,0,0,0,0,0,0,0,0,0,0,0,0,0,0,0,0,0,0,0,0,0,0,0,0,0,64000,0,0,0,0,0,67000,0
TAX_575,0,0,0,0,0,0,0,0,0,0,0,0,0,0,0,0,0,0,0,0,0,0,0,0,0,0,0,0,0,0,108000,0,0,0,0,0,141000,0
TAX_576,918000,880000,0,796000,400000,1647000,249000,0,411000,0,1480000,1567000,0,875000,595000,0,658000,355000,204000,464000,484000,0,212000,168000,0,1078000,1283000,0,216000,0,1025000,735000,0,258000,188000,0,1388000,89000
TAX_577,0,0,0,0,0,73000,0,0,0,0,0,0,0,0,0,0,0,0,0,0,0,84000,0,0,0,0,0,77000,0,0,0,0,0,0,0,81000,57000,72000
TAX_578,186000,252000,0,122000,54000,179000,160000,0,77000,0,165000,258000,0,117000,65000,0,51000,0,71000,226000,291000,0,0,0,0,428000,874000,0,0,0,162000,145000,0,0,0,0,389000,0
TAX_579,0,0,0,0,0,0,0,0,0,0,0,0,0,0,0,0,0,0,0,0,0,0,0,0,0,0,97000,0,0,0,0,0,0,0,0,0,0,0
TAX_580,0,0,0,0,0,0,0,0,0,0,0,0,0,0,0,0,0,0,0,0,0,0,0,0,0,0,62000,0,0,0,0,0,0,0,0,0,0,0
TAX_581,0,0,0,0,0,0,0,0,0,0,0,0,0,0,0,0,0,0,0,0,0,0,0,0,0,109000,260000,0,0,0,0,0,0,0,0,0,0,0
TAX_582,643000,640000,0,108000,56000,1067000,0,0,96000,0,976000,1007000,0,215000,167000,0,255000,147000,0,0,0,0,545000,475000,0,487000,627000,0,206000,0,155000,94000,0,589000,469000,0,276000,0
TAX_583,0,0,0,0,0,0,0,0,0,0,0,0,0,0,0,0,0,0,0,0,0,0,0,0,0,0,95000,0,0,0,0,0,0,0,0,0,0,0
TAX_584,0,0,0,0,0,0,0,0,0,0,0,0,0,0,0,0,0,0,0,0,0,0,0,0,0,0,0,0,0,0,0,0,0,0,0,0,57000,0
TAX_585,0,0,0,0,0,0,0,0,0,0,0,0,0,100000,59000,0,63000,0,0,0,0,0,0,0,0,0,0,0,0,0,125000,87000,0,0,0,0,118000,0
TAX_586,0,0,0,199000,108000,0,0,0,92000,0,0,0,0,454000,313000,0,268000,171000,0,0,0,0,0,0,0,0,0,0,201000,0,403000,279000,0,0,0,0,150000,0
TAX_587,0,0,0,0,0,0,0,0,0,0,0,0,0,0,0,0,0,0,0,0,0,0,0,0,0,0,0,0,0,0,50000,0,0,0,0,0,0,0
TAX_588,0,0,0,79000,0,0,0,0,0,0,0,0,0,58000,0,0,0,0,0,0,0,0,0,0,0,0,82000,0,0,0,100000,57000,0,0,0,0,129000,0
TAX_589,0,0,0,0,0,0,0,0,0,0,0,0,0,92000,58000,0,66000,0,0,0,0,0,0,0,0,0,0,0,0,0,108000,62000,0,0,0,0,0,0
TAX_590,50000,54000,0,74000,0,75000,0,0,0,0,52000,85000,0,71000,51000,0,0,0,0,0,0,0,127000,104000,0,106000,177000,0,171000,0,66000,53000,0,157000,107000,0,141000,0
TAX_591,309000,377000,0,492000,216000,502000,0,0,251000,0,342000,524000,0,472000,336000,0,304000,152000,0,144000,169000,0,302000,267000,0,692000,1037000,0,327000,0,452000,360000,0,451000,295000,0,878000,59000
TAX_592,146000,156000,0,351000,185000,253000,0,0,174000,0,176000,269000,0,280000,206000,0,176000,117000,0,63000,67000,0,146000,136000,0,227000,362000,0,271000,0,327000,272000,0,203000,161000,0,389000,0
TAX_593,258000,256000,0,317000,190000,944000,0,0,315000,944000,195000,262000,0,513000,346000,70000,404000,345000,0,0,0,608000,564000,598000,0,252000,338000,537000,975000,0,687000,562000,0,1019000,760000,363000,167000,1644000
TAX_594,0,0,0,0,0,0,0,0,0,0,0,0,0,0,0,0,0,0,0,0,0,59000,0,0,0,0,0,0,0,0,0,0,0,0,0,0,0,0
TAX_595,0,0,0,0,0,0,0,0,0,232000,0,0,0,0,0,52000,0,0,0,0,0,119000,0,0,0,0,0,94000,50000,0,0,0,0,0,0,0,0,77000
TAX_596,1588000,1665000,0,947000,450000,3061000,76000,0,747000,1730000,2058000,2220000,0,1288000,1033000,749000,1192000,1175000,0,85000,109000,1967000,1694000,1598000,0,1331000,1448000,648000,1408000,258000,1555000,1342000,0,1934000,1652000,1869000,722000,2947000
TAX_597,543000,628000,0,384000,208000,693000,0,0,367000,0,614000,818000,0,567000,450000,0,429000,277000,0,0,50000,0,286000,277000,0,382000,632000,0,194000,0,549000,476000,0,311000,306000,0,201000,50000
TAX_598,93000,101000,0,0,0,133000,0,0,0,0,0,71000,0,0,0,0,0,0,0,133000,166000,317000,0,0,0,203000,243000,0,0,0,0,0,0,0,0,77000,168000,489000
TAX_599,320000,288000,0,115000,0,1229000,71000,0,0,445000,275000,486000,0,159000,132000,81000,123000,107000,145000,570000,651000,1693000,0,50000,0,530000,724000,65000,64000,0,280000,277000,0,75000,74000,1337000,747000,1721000
TAX_600,76000,86000,0,51000,0,120000,0,0,65000,0,88000,138000,0,57000,0,0,0,0,0,0,0,0,0,0,0,0,0,0,0,0,85000,66000,0,0,0,0,0,0
TAX_601,0,0,0,0,0,66000,0,0,0,0,0,0,0,0,0,0,0,0,0,0,0,0,0,0,0,0,0,0,0,0,0,0,0,0,0,0,0,68000
TAX_602,0,0,0,0,0,102000,0,0,0,0,0,0,0,0,0,0,0,0,0,0,0,177000,0,0,0,0,0,0,0,0,0,0,0,0,0,217000,50000,194000
TAX_603,0,55000,0,0,0,269000,0,0,0,0,50000,111000,0,0,0,0,0,0,0,0,50000,820000,57000,0,0,103000,145000,0,90000,0,0,0,0,56000,0,0,291000,819000
TAX_604,0,0,0,0,0,0,0,0,0,0,0,0,0,0,0,0,0,0,0,0,0,98000,0,0,0,0,0,0,0,0,0,0,0,0,0,129000,0,76000
TAX_605,1092000,1138000,0,962000,595000,1662000,262000,0,830000,1362000,1416000,1514000,440000,1226000,1018000,913000,960000,887000,179000,672000,785000,1621000,878000,849000,0,1239000,1410000,705000,948000,533000,1250000,1174000,0,1154000,924000,1583000,1445000,1627000
TAX_606,210000,222000,0,165000,103000,268000,0,0,136000,0,263000,302000,0,260000,227000,0,203000,133000,0,0,0,0,142000,141000,0,131000,212000,0,93000,0,243000,211000,0,174000,141000,0,84000,0
TAX_607,411000,455000,0,221000,134000,893000,71000,0,201000,367000,547000,663000,104000,327000,243000,181000,246000,218000,76000,297000,341000,998000,260000,268000,0,516000,665000,143000,229000,121000,367000,332000,0,387000,306000,688000,703000,955000
TAX_608,72000,81000,0,0,0,336000,0,0,0,66000,104000,125000,0,52000,0,0,0,0,0,0,0,317000,50000,0,0,79000,113000,0,0,0,68000,51000,0,56000,57000,135000,123000,402000
TAX_609,0,0,0,0,0,0,0,0,0,0,0,0,0,0,0,0,0,0,0,0,0,0,0,0,0,0,0,0,0,0,0,0,0,0,0,50000,0,0
TAX_610,0,0,0,0,0,0,0,0,0,0,0,0,0,0,0,0,0,0,0,0,0,0,0,0,0,0,0,0,0,0,0,0,0,0,0,2600000,0,0
TAX_611,0,0,0,0,0,0,0,0,0,0,0,0,0,0,0,0,0,0,0,0,0,0,0,0,0,0,0,0,0,0,0,0,0,0,0,516000,0,0
TAX_612,0,0,0,0,0,0,0,0,0,0,0,0,0,0,0,0,0,0,0,0,0,0,0,0,0,0,0,0,0,0,0,0,0,0,0,83000,0,0
TAX_613,0,0,0,0,0,0,0,0,0,0,0,0,0,0,0,0,0,0,0,0,0,0,0,0,0,0,0,0,0,0,0,0,0,0,0,341000,0,0
TAX_614,0,0,0,0,0,0,0,0,0,0,0,0,0,0,0,0,0,0,0,0,0,0,0,0,0,0,0,0,0,0,0,0,0,0,0,60000,0,0
TAX_615,0,0,0,0,0,0,0,0,0,0,0,0,0,0,0,0,0,0,0,0,0,0,0,0,0,0,0,0,0,0,0,0,0,0,0,211000,0,0
TAX_616,0,0,0,0,0,0,0,0,0,0,0,0,0,0,0,0,0,0,0,0,0,0,0,0,0,0,0,0,0,0,0,0,0,0,0,711000,0,0
TAX_617,0,0,0,0,0,0,0,0,0,0,0,0,0,0,0,0,0,0,0,0,0,0,0,0,0,0,0,0,0,0,0,0,0,0,0,102000,0,0
TAX_618,101000,108000,0,0,0,0,0,0,0,0,0,0,0,0,0,0,0,0,0,0,0,0,0,0,0,0,0,0,0,0,148000,137000,0,0,0,0,0,0
TAX_619,0,0,0,0,0,121000,0,0,0,59000,0,0,0,0,0,0,0,0,0,0,0,113000,0,0,0,0,0,54000,0,0,0,0,0,0,0,404000,0,240000
TAX_620,0,0,0,0,0,0,0,0,0,0,0,0,0,0,0,0,0,0,0,0,0,0,0,0,0,0,0,0,0,0,0,0,0,0,0,62000,0,0
TAX_621,0,0,0,0,0,0,0,0,0,0,0,0,0,0,0,0,0,0,0,0,0,0,0,0,0,0,0,0,0,0,0,0,0,0,0,1269000,0,0
TAX_622,0,0,0,0,0,0,0,0,0,0,0,0,0,146000,89000,0,100000,55000,0,0,0,0,0,0,0,0,0,0,0,0,0,0,0,0,0,0,0,0
TAX_623,0,0,0,433000,212000,638000,0,0,479000,0,571000,658000,0,167000,109000,0,78000,53000,0,0,0,0,0,0,0,0,0,0,0,0,574000,433000,0,0,0,0,0,0
TAX_624,545000,613000,0,274000,135000,1047000,0,0,286000,0,1168000,1224000,0,457000,315000,0,356000,234000,0,0,0,0,694000,599000,0,524000,795000,0,341000,0,444000,302000,0,743000,609000,0,63000,57000
TAX_625,213000,211000,0,59000,0,165000,106000,0,0,0,104000,50000,0,0,0,0,0,0,82000,101000,107000,0,0,0,0,483000,334000,0,0,0,111000,0,0,0,0,0,585000,106000
TAX_626,1081000,1062000,0,882000,590000,1146000,80000,0,753000,161000,1078000,837000,0,971000,899000,0,956000,830000,58000,85000,90000,58000,884000,812000,0,507000,487000,57000,841000,0,1072000,891000,0,928000,847000,62000,664000,106000
TAX_627,84000,93000,0,0,0,136000,0,0,0,0,124000,141000,0,0,0,0,0,0,0,0,0,0,0,0,0,71000,82000,0,0,0,0,0,0,0,0,0,61000,0
TAX_628,266000,237000,0,167000,71000,431000,0,0,116000,0,388000,223000,0,229000,184000,0,181000,107000,0,0,0,0,97000,99000,0,74000,71000,0,87000,0,272000,181000,0,131000,109000,0,79000,0
TAX_629,295000,265000,0,266000,166000,301000,0,0,219000,0,279000,211000,0,346000,284000,0,333000,253000,0,0,0,0,217000,207000,0,108000,94000,0,257000,0,422000,293000,0,220000,225000,0,172000,0
TAX_630,0,0,0,0,0,0,0,0,0,0,0,0,0,0,0,0,0,0,0,0,0,0,0,0,0,0,0,0,56000,0,0,0,0,0,0,0,0,0
TAX_631,154000,131000,0,137000,78000,283000,0,0,110000,0,388000,395000,0,539000,370000,0,337000,173000,0,134000,134000,0,0,0,0,128000,179000,0,109000,0,389000,289000,0,57000,62000,0,84000,0
TAX_632,0,0,0,0,0,91000,0,0,0,0,0,0,0,0,0,0,0,0,0,0,0,0,58000,0,0,73000,0,0,87000,0,0,0,0,74000,72000,0,107000,0
TAX_633,728000,788000,0,233000,121000,1158000,92000,0,515000,0,821000,1173000,0,80000,78000,0,166000,88000,0,0,0,0,633000,608000,0,599000,948000,0,164000,0,50000,0,0,899000,726000,0,63000,66000
TAX_634,0,0,0,0,0,0,0,0,0,0,0,0,0,0,0,0,0,0,0,0,0,0,0,0,0,0,0,0,0,0,183000,106000,0,0,0,0,578000,0
TAX_635,0,0,0,0,0,0,0,0,0,0,0,0,0,0,0,0,0,0,0,0,0,0,0,0,0,107000,85000,0,0,0,0,0,0,0,0,0,60000,0
TAX_636,291000,236000,0,236000,92000,396000,368000,0,128000,0,230000,144000,0,80000,56000,0,62000,0,86000,96000,102000,0,85000,60000,0,492000,368000,0,88000,0,260000,135000,0,194000,135000,0,1087000,80000
TAX_637,0,0,0,0,0,0,0,0,0,0,0,0,0,0,0,0,0,0,0,0,0,0,0,0,0,0,0,0,0,0,77000,62000,0,0,0,0,69000,0
TAX_638,0,0,0,0,0,57000,0,0,0,0,0,0,0,0,0,0,0,0,0,0,0,0,0,0,0,0,0,0,0,0,58000,0,0,0,0,0,0,0
TAX_639,407000,369000,0,223000,106000,537000,66000,0,73000,0,447000,342000,0,367000,270000,0,244000,139000,0,68000,61000,0,0,0,0,268000,248000,0,0,0,568000,337000,0,0,0,0,363000,0
TAX_640,0,0,0,0,0,224000,0,0,0,0,117000,58000,0,0,0,0,0,0,0,0,0,0,0,0,0,0,0,0,0,0,0,0,0,0,0,0,0,0
TAX_641,0,0,0,0,0,0,0,0,0,0,0,0,0,0,0,0,0,0,0,0,0,0,0,0,0,54000,0,0,0,0,0,0,0,0,0,0,0,0
TAX_642,0,0,0,0,0,0,0,0,0,0,0,0,0,0,0,0,0,0,0,0,0,0,0,0,0,53000,0,0,0,0,0,0,0,0,0,0,0,0
TAX_643,68000,0,0,74000,0,163000,0,0,0,0,66000,0,0,0,0,0,0,0,55000,0,0,0,0,0,0,106000,0,0,52000,0,168000,0,0,0,58000,53000,195000,0
TAX_644,0,0,0,0,0,124000,0,0,0,0,0,0,0,0,0,0,0,0,74000,0,0,0,0,0,0,58000,0,0,0,0,100000,0,0,0,0,0,205000,0
TAX_645,247000,166000,0,117000,52000,486000,148000,0,0,0,184000,0,0,0,0,0,53000,0,342000,86000,90000,0,0,0,0,381000,133000,0,63000,0,316000,113000,0,58000,0,0,712000,176000
TAX_646,0,0,0,0,0,0,0,0,0,0,0,0,0,0,0,0,0,0,0,0,0,0,0,0,0,0,0,0,64000,0,0,0,0,0,0,0,0,0
TAX_647,0,0,0,0,0,0,0,0,0,0,0,0,0,0,0,0,0,0,0,0,0,0,0,0,0,0,0,0,122000,0,0,0,0,0,0,0,0,0
TAX_648,0,0,0,0,0,0,0,0,0,0,0,0,0,0,0,0,0,0,0,0,0,0,0,0,0,0,0,0,0,0,0,0,0,0,0,0,56000,0
TAX_649,149000,107000,0,218000,99000,333000,117000,0,72000,0,155000,0,0,71000,0,0,116000,69000,141000,58000,0,51000,90000,67000,0,215000,68000,0,180000,0,377000,162000,0,126000,119000,0,407000,71000
TAX_650,0,0,0,0,0,67000,0,0,0,0,0,0,0,0,0,0,0,0,51000,0,0,0,0,0,0,0,0,0,0,0,148000,0,0,0,0,0,140000,0
TAX_651,121000,98000,0,126000,62000,277000,0,0,0,0,137000,0,0,0,0,0,54000,52000,160000,62000,56000,0,50000,53000,0,140000,50000,0,129000,0,288000,92000,0,63000,79000,0,440000,0
TAX_652,146000,79000,0,100000,0,344000,0,0,0,0,116000,0,0,0,0,0,0,0,313000,0,51000,70000,0,0,0,132000,0,0,50000,0,359000,99000,0,0,0,0,471000,0
TAX_653,495000,318000,0,620000,457000,944000,241000,0,464000,148000,660000,115000,0,301000,273000,0,467000,410000,261000,0,0,160000,620000,577000,0,379000,137000,0,845000,0,879000,521000,0,561000,717000,67000,731000,275000
TAX_654,0,0,0,0,0,85000,0,0,0,0,0,0,0,0,0,0,0,0,0,0,0,0,0,0,0,0,0,0,75000,0,0,0,0,0,65000,0,80000,0
TAX_655,95000,62000,0,126000,100000,215000,0,0,91000,0,132000,0,0,59000,0,0,85000,71000,0,0,0,0,123000,102000,0,65000,0,0,167000,0,208000,105000,0,98000,141000,0,155000,52000
TAX_656,0,0,0,0,0,67000,0,0,0,0,0,0,0,0,0,0,0,0,0,0,0,0,0,0,0,0,0,0,0,0,85000,0,0,0,0,0,0,0
TAX_657,0,0,0,0,0,0,0,0,0,0,0,0,0,0,0,0,0,0,0,0,0,0,0,0,0,0,0,0,0,0,68000,0,0,0,0,0,0,0
TAX_658,0,0,0,0,0,0,0,0,0,0,0,0,0,0,0,0,0,0,0,0,0,0,0,0,0,0,0,0,0,0,55000,0,0,0,0,0,94000,0
TAX_659,0,0,0,0,0,0,0,0,0,0,0,0,0,0,0,0,0,0,0,0,0,0,0,0,0,0,0,0,0,0,0,0,0,0,0,0,118000,0
TAX_660,0,0,0,0,0,0,0,0,0,0,0,0,0,0,0,0,0,0,0,0,0,0,0,0,0,0,0,0,0,0,234000,54000,0,0,0,0,212000,0
TAX_661,0,0,0,0,0,0,0,0,0,0,0,0,0,0,0,0,0,0,0,0,0,0,0,0,0,0,0,0,0,0,0,0,0,0,0,0,65000,0
TAX_662,0,0,0,0,0,0,0,0,0,0,0,0,0,0,0,0,0,0,0,0,0,0,0,0,0,0,0,0,0,0,233000,59000,0,0,0,0,364000,0
TAX_663,76000,0,0,0,0,0,0,0,0,0,0,0,0,0,0,0,0,0,70000,0,0,0,0,0,0,56000,0,0,0,0,70000,0,0,0,0,0,372000,0
TAX_664,0,0,0,0,0,0,0,0,0,0,0,0,0,0,0,0,0,0,0,0,0,0,0,0,0,0,0,0,0,0,0,0,0,0,0,0,77000,0
TAX_665,0,0,0,0,0,54000,0,0,0,0,0,0,0,0,0,0,0,0,0,0,0,0,0,0,0,0,0,0,0,0,0,0,0,0,0,0,0,0
TAX_666,164000,150000,0,0,0,835000,0,0,0,0,850000,742000,0,0,0,0,0,0,0,0,0,0,168000,149000,0,103000,119000,0,0,0,0,0,0,231000,177000,0,138000,0
TAX_667,0,0,0,0,0,0,0,0,0,0,0,0,0,0,0,0,0,0,0,0,0,0,0,0,0,0,0,0,0,0,0,0,0,0,0,0,68000,0
TAX_668,97000,58000,0,69000,0,199000,0,0,0,0,107000,0,0,0,0,0,0,0,139000,60000,0,65000,0,0,0,172000,62000,0,0,0,229000,78000,0,0,0,0,690000,0
TAX_669,0,0,0,0,0,98000,0,0,0,0,0,0,0,0,0,0,0,0,59000,0,57000,0,0,0,0,70000,0,0,0,0,80000,0,0,0,0,0,314000,54000
TAX_670,0,0,0,55000,0,0,0,0,0,0,0,0,0,107000,77000,0,67000,54000,0,0,52000,0,0,0,0,0,0,0,0,0,316000,105000,0,0,0,0,529000,0
TAX_671,258000,232000,0,201000,75000,283000,0,0,0,0,169000,69000,0,224000,127000,0,119000,105000,397000,417000,441000,0,0,0,0,152000,115000,0,91000,0,742000,347000,0,0,0,0,1264000,0
TAX_672,101000,70000,0,0,0,125000,0,0,0,0,0,0,0,0,0,0,0,0,238000,142000,144000,0,0,0,0,50000,0,0,0,0,120000,0,0,0,0,0,298000,0
TAX_673,0,0,0,0,0,0,0,0,0,0,0,0,0,0,0,0,0,0,0,0,0,0,0,0,0,0,0,0,0,0,57000,0,0,0,0,0,95000,0
TAX_674,0,0,0,0,0,0,0,0,0,0,0,0,0,0,0,0,0,0,0,0,0,0,0,0,0,0,0,0,0,0,54000,0,0,0,0,0,101000,0
TAX_675,0,0,0,0,0,50000,0,0,0,0,0,0,0,0,0,0,0,0,50000,0,0,0,0,0,0,0,0,0,0,0,83000,0,0,0,0,0,251000,0
TAX_676,0,0,0,0,0,0,0,0,0,0,0,0,0,0,0,0,0,0,0,0,0,0,0,0,0,73000,94000,0,0,0,0,0,0,0,0,0,248000,0
TAX_677,113000,82000,0,0,0,56000,0,0,0,62000,0,0,0,53000,0,0,88000,55000,0,0,0,0,0,0,0,0,0,0,0,0,0,0,0,0,0,0,0,0
TAX_678,623000,595000,0,0,0,458000,0,0,0,0,369000,412000,0,71000,0,0,241000,143000,0,0,0,0,620000,621000,0,864000,1029000,0,157000,0,157000,102000,0,692000,673000,0,0,184000
TAX_679,325000,306000,0,0,0,126000,0,0,0,0,93000,112000,0,0,0,0,62000,0,0,0,0,0,241000,264000,0,475000,793000,0,0,0,0,0,0,684000,524000,0,0,110000
TAX_680,0,0,0,0,0,0,0,0,0,0,0,0,0,0,0,0,0,0,0,0,0,0,0,0,0,55000,50000,0,0,0,0,0,0,0,0,0,0,0
TAX_681,0,0,0,0,0,52000,0,0,0,0,0,0,0,0,0,0,0,0,0,0,0,0,0,0,0,139000,178000,0,0,0,0,0,0,0,0,0,62000,0
TAX_682,0,0,0,0,0,0,0,0,0,0,0,0,0,0,0,0,0,0,0,0,0,0,0,0,0,0,81000,0,0,0,0,0,0,0,0,0,0,0
TAX_683,85000,75000,0,0,0,210000,148000,0,0,0,166000,199000,0,0,0,0,0,0,69000,202000,217000,0,73000,50000,0,623000,736000,0,0,0,163000,92000,0,116000,85000,0,232000,84000
TAX_684,0,0,0,0,0,0,0,0,0,0,0,0,0,0,0,0,0,0,0,0,0,0,0,0,0,0,0,0,0,0,0,0,0,0,0,0,66000,0
TAX_685,0,0,0,0,0,0,0,0,0,0,0,0,0,0,0,0,0,0,0,51000,0,0,0,0,0,0,0,0,0,0,0,0,0,0,0,0,461000,0
TAX_686,0,0,0,0,0,0,0,0,0,0,0,0,0,53000,0,0,0,0,0,0,0,0,0,0,0,0,0,0,0,0,77000,0,0,0,0,0,318000,0
TAX_687,0,0,0,52000,0,0,0,0,0,0,0,0,0,0,0,0,0,0,0,0,0,0,52000,0,0,192000,120000,0,0,0,0,0,0,62000,0,0,0,0
TAX_688,0,0,0,60000,0,0,0,0,0,0,0,0,0,0,0,0,0,0,0,0,0,0,62000,55000,0,119000,109000,0,0,0,0,0,0,88000,53000,0,0,0
TAX_689,0,0,0,0,0,0,0,0,0,0,0,0,0,0,0,0,0,0,0,0,0,0,0,0,0,0,0,0,0,0,61000,0,0,0,0,0,115000,0
TAX_690,77000,73000,0,253000,76000,168000,59000,0,99000,0,76000,54000,0,65000,0,0,52000,0,0,0,0,0,318000,253000,0,940000,689000,0,127000,0,192000,78000,0,302000,229000,0,199000,199000
TAX_691,0,0,0,0,0,0,0,0,0,0,0,0,0,0,0,0,0,0,0,0,0,0,58000,0,0,137000,88000,0,0,0,0,0,0,75000,52000,0,57000,0
TAX_692,0,0,0,0,0,0,0,0,0,0,0,0,0,0,0,0,0,0,0,0,0,0,0,0,0,0,0,0,0,0,0,0,0,0,0,0,106000,0
TAX_693,78000,61000,0,0,0,158000,0,0,0,0,59000,93000,0,0,0,0,0,0,58000,149000,225000,270000,0,0,0,98000,131000,0,0,0,0,0,0,0,0,0,1369000,0
TAX_694,0,0,0,88000,0,0,0,0,0,0,0,0,0,0,0,0,0,0,0,0,0,0,0,0,0,56000,91000,0,69000,0,74000,0,0,0,0,0,1322000,0
TAX_695,0,0,0,0,0,0,0,0,0,0,0,0,0,0,0,0,0,0,0,0,0,0,0,0,0,0,0,0,0,0,0,0,0,0,0,0,193000,0
TAX_696,0,0,0,0,0,0,0,0,0,0,0,0,0,0,0,0,0,0,57000,0,0,0,0,0,0,0,0,0,0,0,0,0,0,0,0,0,307000,0
TAX_697,0,0,0,0,0,0,0,0,0,0,0,0,0,0,0,0,0,0,0,88000,133000,0,0,0,0,0,0,0,0,0,54000,62000,0,0,0,0,584000,0
TAX_698,0,0,0,0,0,0,0,0,0,0,0,0,0,0,0,0,0,0,0,0,0,0,0,0,0,0,0,0,0,0,69000,85000,0,0,0,0,139000,0
TAX_699,0,60000,0,80000,0,0,0,0,0,0,0,0,0,205000,152000,0,160000,83000,0,117000,115000,0,0,0,0,0,0,0,0,0,338000,313000,0,0,0,0,1198000,0
TAX_700,0,0,0,0,0,0,0,0,0,0,0,0,0,0,0,0,0,0,0,0,0,0,0,0,0,0,0,0,0,0,0,0,0,0,0,0,74000,0
TAX_701,0,0,0,0,0,0,0,0,0,0,0,0,0,0,0,0,0,0,0,0,0,0,0,0,0,0,0,0,0,0,0,0,0,0,0,0,106000,0
TAX_702,0,0,0,0,0,0,0,0,0,0,0,0,0,0,0,0,0,0,0,0,0,0,0,0,0,0,0,0,0,0,0,0,0,0,0,0,67000,0
TAX_703,0,0,0,0,0,0,0,0,0,0,0,0,0,0,0,0,0,0,0,0,0,242000,0,0,0,0,0,0,0,0,0,0,0,0,0,0,0,0
TAX_704,0,0,0,0,0,0,0,0,0,0,0,0,0,0,0,0,0,0,0,0,0,145000,0,0,0,0,0,0,0,0,0,0,0,0,0,0,0,0
TAX_705,0,0,0,0,0,0,0,0,0,82000,0,0,0,0,0,0,0,0,0,0,0,0,0,0,0,0,0,0,0,0,0,0,0,0,0,0,0,0
TAX_706,0,0,0,0,0,88000,0,0,0,60000,0,0,0,0,0,0,0,0,0,0,0,716000,0,0,0,0,0,0,0,0,0,0,0,0,0,0,125000,125000
TAX_707,0,0,0,0,0,0,0,0,0,496000,0,0,0,55000,0,0,54000,0,0,0,0,284000,0,0,0,0,0,266000,0,0,92000,66000,0,0,0,0,0,0
TAX_708,116000,120000,0,142000,69000,572000,0,0,0,573000,87000,98000,0,124000,79000,0,93000,71000,0,0,0,649000,286000,272000,0,370000,363000,227000,157000,104000,239000,180000,0,360000,324000,302000,235000,737000
TAX_709,147000,144000,0,92000,0,512000,0,0,0,594000,74000,91000,0,60000,50000,93000,0,0,0,85000,122000,898000,94000,101000,0,348000,388000,290000,61000,52000,168000,102000,0,244000,186000,267000,283000,1069000
TAX_710,563000,499000,0,504000,154000,2125000,349000,0,86000,2810000,282000,236000,0,529000,369000,120000,354000,321000,169000,228000,250000,3351000,149000,180000,0,1165000,782000,1099000,105000,177000,1353000,911000,0,438000,239000,2118000,1568000,3419000
TAX_711,0,0,0,0,0,170000,0,0,0,365000,0,0,0,0,0,0,0,0,0,0,0,543000,0,0,0,74000,92000,106000,0,0,131000,76000,0,50000,0,141000,100000,957000
TAX_712,59000,0,0,0,0,196000,0,0,0,212000,0,0,0,0,0,0,0,0,0,0,0,344000,0,0,0,135000,133000,105000,0,0,55000,51000,0,105000,64000,93000,117000,449000
TAX_713,357000,341000,0,253000,92000,1273000,146000,0,67000,1359000,146000,207000,0,126000,108000,290000,125000,92000,77000,54000,66000,2183000,260000,247000,0,822000,965000,731000,113000,149000,399000,292000,0,658000,432000,679000,633000,2787000
TAX_714,276000,262000,0,364000,229000,1248000,84000,0,219000,1252000,197000,320000,0,329000,220000,64000,214000,179000,0,0,0,1426000,684000,683000,0,930000,1090000,534000,468000,265000,591000,399000,0,1142000,843000,640000,556000,1533000
TAX_715,0,0,0,0,0,0,0,0,0,0,0,0,0,0,0,0,0,0,0,0,0,79000,0,0,0,0,0,0,0,0,0,0,0,0,0,0,0,312000
TAX_716,0,0,0,0,0,50000,0,0,0,0,0,0,0,0,0,0,0,0,0,0,0,279000,0,0,0,0,0,0,0,0,0,0,0,0,0,0,0,198000
TAX_717,0,0,0,0,0,0,0,0,0,0,0,0,0,0,0,0,0,0,0,0,0,198000,0,0,0,0,0,0,0,0,0,0,0,0,0,0,0,0
TAX_718,0,0,0,0,0,0,0,0,0,0,0,0,0,0,0,0,0,0,0,0,0,163000,0,0,0,0,0,0,0,0,0,0,0,0,0,0,0,0
TAX_719,0,0,0,0,0,0,0,0,0,65000,0,0,0,0,0,0,0,0,0,0,0,0,0,0,0,0,0,0,0,0,0,0,0,0,0,0,0,0
TAX_720,0,0,0,0,0,0,0,0,0,0,0,0,0,0,0,0,0,0,0,0,0,1181000,0,0,0,0,0,0,0,0,0,0,0,0,0,0,218000,0
TAX_721,0,0,0,0,0,0,0,0,0,0,0,0,0,0,0,0,0,0,0,0,0,225000,0,0,0,0,0,0,0,0,0,0,0,0,0,0,0,0
TAX_722,0,0,0,0,0,0,0,0,0,132000,0,0,0,0,0,0,0,0,0,0,0,620000,0,0,0,0,0,0,0,0,90000,0,0,0,0,0,121000,0
TAX_723,0,0,0,0,0,147000,0,0,0,0,169000,224000,0,0,0,0,0,0,0,108000,149000,0,0,0,0,123000,206000,0,0,0,0,0,0,0,0,0,355000,0
TAX_724,0,0,0,0,0,167000,0,0,0,0,0,0,0,0,0,0,0,0,0,76000,0,89000,0,0,0,0,0,247000,0,0,0,0,0,0,0,0,377000,172000
TAX_725,3243000,2826000,54000,1999000,1543000,6778000,678000,0,898000,2426000,2510000,1621000,82000,2256000,1679000,379000,1781000,1455000,3873000,2357000,2297000,1935000,1860000,2124000,0,2443000,2016000,1222000,2123000,353000,4088000,2653000,47000,1855000,2033000,2300000,7107000,2884000