#OTU ID	S1903c111_10m_3	S1903c117_50m_3	S1903c118_23m_3	S1903c119_11m_3	S1903c122_28m_3	S1903c123_10m_3	S1903c124_15m_3	S1903c126_45m_3	S1903c127_7m_3	S1903c129_26m_3	S1903c144_13m_3	Las19c107_10m_3	Las19c135_5m_3	Las19c138_27m_3	S1903c111_10m_1	S1903c117_50m_1	S1903c117_50m_2	S1903c118_23m_2	S1903c119_11m_2	S1903c122_28m_1	S1903c122_28m_2	S1903c123_10m_1	S1903c123_10m_2	S1903c124_15m_1	S1903c124_15m_2	S1903c126_45m_1	S1903c126_45m_2	S1903c127_7m_1	S1903c127_7m_2	S1903c129_26m_1	S1903c129_26m_2	S1903c144_13m_2	Las19c107_10m_1	Las19c107_10m_2	Las19c135_5m_1	Las19c135_5m_2	Las19c138_27m_1
TAX_1	0	247000	0	0	0	0	504000	0	0	0	0	0	0	0	332000	61000	0	0	0	286000	195000	0	0	0	0	696000	682000	0	0	363000	328000	80000	143000	72000	0	0	590000
TAX_2	0	1848000	0	0	0	0	1726000	0	0	0	0	0	0	374000	1794000	1657000	1426000	424000	513000	1842000	1864000	1683000	1565000	735000	887000	1839000	1851000	1588000	1532000	1776000	1843000	1318000	1748000	1681000	1339000	1115000	1749000
TAX_3	0	62000	0	0	0	0	137000	0	0	0	0	0	0	0	85000	0	0	0	0	56000	0	0	0	0	0	116000	122000	0	0	115000	57000	0	0	0	0	0	88000
TAX_4	0	0	0	0	0	0	107000	0	0	0	0	0	0	0	0	0	0	0	0	0	0	0	0	0	0	201000	263000	0	0	0	0	0	0	0	0	0	0
TAX_5	0	163000	0	0	0	0	347000	0	0	0	0	0	0	0	262000	167000	92000	91000	0	171000	261000	186000	130000	0	0	424000	434000	0	0	390000	419000	0	267000	212000	0	0	314000
TAX_6	0	57000	0	0	0	0	67000	0	0	0	0	0	0	0	0	0	0	0	0	52000	62000	0	0	0	0	74000	75000	0	0	52000	63000	0	0	0	0	0	56000
TAX_7	0	0	0	0	0	0	87000	0	0	0	0	0	0	0	0	0	0	0	0	0	0	0	0	0	0	81000	89000	0	0	92000	52000	0	0	0	0	0	0
TAX_8	0	1185000	0	0	0	0	1324000	0	0	0	0	0	0	110000	1118000	363000	184000	160000	0	1077000	591000	127000	103000	0	0	1167000	1151000	0	0	1305000	882000	0	582000	258000	0	0	1410000
TAX_9	0	135000	0	0	0	0	103000	0	0	0	0	0	0	0	112000	123000	106000	0	0	128000	132000	127000	107000	0	63000	127000	132000	83000	62000	125000	133000	0	144000	130000	50000	52000	107000
TAX_10	0	0	0	0	0	0	71000	0	0	0	0	0	0	0	56000	0	0	0	0	0	0	0	0	0	0	88000	89000	0	0	83000	83000	0	61000	0	0	0	60000
TAX_11	0	53000	0	0	0	0	0	0	0	0	0	0	0	0	0	51000	0	0	0	51000	62000	55000	0	0	0	50000	50000	0	0	54000	61000	0	57000	56000	0	0	0
TAX_12	0	209000	0	0	0	0	205000	0	0	0	0	0	0	0	190000	136000	80000	0	0	210000	136000	66000	51000	0	0	183000	189000	0	0	191000	121000	0	166000	96000	0	0	216000
TAX_13	0	0	0	0	0	0	58000	0	0	0	0	0	0	0	0	0	0	0	0	0	0	0	0	0	0	103000	107000	0	0	0	0	0	0	0	0	0	75000
TAX_14	0	57000	0	0	0	0	68000	0	0	0	0	0	0	0	52000	0	0	0	0	56000	50000	0	0	0	0	74000	67000	0	0	53000	65000	0	0	0	0	0	59000
TAX_15	0	144000	0	0	0	0	222000	0	0	0	0	0	0	0	165000	102000	60000	0	0	137000	138000	86000	73000	0	0	264000	276000	0	0	194000	203000	0	156000	111000	0	0	177000
TAX_16	0	0	0	0	0	0	90000	0	0	0	0	0	0	0	91000	0	0	0	0	0	0	0	0	0	0	218000	237000	0	0	0	0	0	0	0	0	0	0
TAX_17	0	0	0	0	0	0	422000	0	0	0	0	0	0	0	123000	0	0	158000	0	57000	86000	0	0	0	0	831000	882000	0	0	601000	742000	0	0	0	0	0	164000
TAX_18	0	0	0	0	0	0	109000	0	0	0	0	0	0	0	76000	0	0	0	0	54000	64000	0	0	0	0	274000	353000	0	0	0	65000	0	86000	0	0	0	819000
TAX_19	0	385000	0	0	0	0	414000	0	0	0	0	0	0	0	292000	173000	67000	0	0	305000	60000	0	0	0	0	192000	187000	0	0	433000	165000	117000	474000	121000	0	0	1513000
TAX_20	0	0	0	0	0	0	211000	0	0	0	0	0	0	0	177000	76000	0	0	0	111000	0	0	0	0	0	99000	55000	0	0	295000	130000	0	140000	0	0	0	559000
TAX_21	0	133000	0	0	0	0	100000	0	0	0	0	0	0	0	88000	0	0	0	0	59000	0	0	0	0	0	0	0	0	0	107000	0	0	69000	0	0	0	232000
TAX_22	0	78000	0	0	0	0	69000	0	0	0	0	0	0	0	62000	0	0	0	0	0	0	0	0	0	0	0	93000	0	0	147000	73000	0	0	0	0	0	296000
TAX_23	0	662000	0	0	0	0	839000	0	0	0	0	0	0	127000	718000	298000	146000	53000	0	577000	117000	68000	0	0	0	464000	487000	0	0	849000	448000	76000	637000	207000	0	0	969000
TAX_24	0	0	0	0	0	0	80000	0	0	0	0	0	0	0	53000	0	0	0	0	0	0	0	0	0	0	0	0	0	0	124000	50000	0	70000	0	0	0	426000
TAX_25	0	96000	0	0	0	0	233000	0	0	0	0	0	0	0	90000	0	0	0	0	57000	0	0	0	0	0	96000	79000	0	0	68000	0	0	0	0	0	0	203000
TAX_26	0	0	0	0	0	0	72000	0	0	0	0	0	0	0	0	0	0	0	0	0	0	0	0	0	0	203000	216000	0	0	67000	83000	0	0	0	0	0	0
TAX_27	0	266000	0	0	0	0	685000	0	0	0	0	0	0	0	215000	60000	0	0	0	168000	0	0	0	0	0	288000	250000	0	0	374000	124000	0	108000	0	0	0	501000
TAX_28	0	0	0	0	0	0	54000	0	0	0	0	0	0	0	157000	0	0	0	0	0	0	0	0	0	0	195000	210000	0	0	269000	336000	0	0	0	0	0	318000
TAX_29	0	109000	0	0	0	0	158000	0	0	0	0	0	0	0	81000	0	0	0	0	54000	0	0	0	0	0	0	0	0	0	110000	0	0	0	0	0	0	347000
TAX_30	0	0	0	0	0	0	0	50000	0	0	0	0	0	0	0	0	0	0	0	0	0	0	0	0	0	0	0	0	0	0	0	0	63000	0	0	0	88000
TAX_31	0	0	0	0	0	0	0	187000	0	0	0	0	0	0	0	0	0	0	0	0	0	0	0	60000	53000	0	0	0	0	0	0	0	290000	67000	0	0	199000
TAX_32	0	152000	0	0	0	0	77000	163000	0	0	0	0	0	0	0	109000	0	0	0	0	0	0	0	0	0	0	0	0	0	0	0	51000	436000	121000	0	0	329000
TAX_33	0	345000	0	0	0	0	230000	461000	0	0	0	0	0	89000	101000	59000	63000	0	0	90000	0	0	0	66000	0	0	0	0	0	50000	0	136000	251000	0	0	0	635000
TAX_34	0	0	0	0	0	0	0	233000	0	0	0	0	0	0	0	0	0	0	0	0	0	0	0	80000	52000	0	0	0	0	0	0	68000	301000	68000	0	0	262000
TAX_35	0	75000	0	0	0	0	53000	106000	0	0	0	0	0	0	0	0	0	0	0	0	0	0	0	0	0	0	0	0	0	0	0	57000	188000	0	0	0	216000
TAX_36	0	0	0	0	0	0	0	59000	0	0	0	0	0	0	0	0	0	0	0	0	0	0	0	0	0	0	0	0	0	0	0	0	0	0	0	0	0
TAX_37	0	0	0	0	0	0	0	0	0	0	0	0	0	60000	0	0	0	0	0	0	0	0	0	0	0	0	0	0	0	0	0	0	0	0	0	0	0
TAX_38	0	0	0	0	0	0	0	0	0	0	0	0	0	84000	0	0	0	0	0	0	0	0	0	0	0	0	0	0	0	0	0	0	0	0	0	0	0
TAX_39	0	1351000	0	659000	166000	224000	0	1439000	130000	834000	51000	270000	1385000	1464000	146000	209000	83000	0	54000	404000	729000	90000	59000	55000	56000	235000	301000	75000	117000	348000	607000	118000	138000	109000	282000	135000	803000
TAX_40	0	57000	0	0	0	0	0	72000	0	0	0	0	0	0	0	0	0	0	0	0	0	0	0	0	0	54000	59000	0	0	0	0	0	50000	0	0	0	439000
TAX_41	0	70000	0	70000	0	0	97000	285000	0	0	0	0	0	0	72000	57000	0	0	0	0	0	93000	58000	99000	61000	84000	57000	0	0	0	0	0	590000	237000	0	0	985000
TAX_42	0	135000	0	0	0	0	104000	497000	0	0	0	0	0	472000	73000	0	0	0	0	0	0	0	0	0	0	150000	164000	0	0	0	0	0	0	0	0	0	297000
TAX_43	0	0	0	0	0	0	0	141000	0	0	0	0	0	96000	0	0	0	0	0	0	0	0	0	0	0	0	0	0	0	0	0	0	0	0	0	0	80000
TAX_44	0	0	0	0	0	0	0	88000	0	0	0	0	0	0	0	0	0	0	0	0	0	150000	112000	103000	62000	0	70000	0	0	0	0	0	265000	269000	0	0	353000
TAX_45	0	0	0	0	0	0	0	362000	0	0	0	0	0	0	130000	128000	89000	0	0	0	61000	941000	663000	619000	435000	238000	348000	0	0	55000	141000	111000	1262000	1285000	0	0	1691000
TAX_46	0	0	0	0	0	0	0	152000	0	0	0	0	0	0	0	0	0	0	0	0	0	0	0	0	0	0	58000	0	0	0	0	0	0	0	0	0	137000
TAX_47	0	0	0	0	0	0	0	59000	0	0	0	0	0	0	0	0	0	0	0	0	0	0	0	0	0	0	0	0	0	0	0	0	0	0	0	0	71000
TAX_48	0	0	0	72000	0	0	0	448000	0	0	0	0	0	0	0	0	0	0	0	0	0	148000	96000	84000	0	86000	92000	0	0	0	0	0	456000	394000	0	0	1016000
TAX_49	0	84000	0	0	0	0	0	377000	0	0	0	0	0	133000	0	0	60000	0	0	0	0	0	0	0	0	203000	0	0	0	0	56000	54000	333000	193000	0	0	367000
TAX_50	0	378000	0	202000	0	0	93000	1708000	0	78000	0	0	0	707000	152000	136000	0	0	0	90000	81000	74000	50000	0	64000	55000	212000	0	0	214000	247000	0	93000	0	0	0	1523000
TAX_51	0	135000	0	168000	0	0	0	1334000	0	61000	0	0	0	453000	0	0	0	0	0	0	0	0	0	0	0	0	0	0	0	0	56000	0	0	0	0	0	177000
TAX_52	0	91000	0	0	0	0	0	406000	0	0	0	0	0	869000	74000	0	0	0	0	0	74000	0	0	0	0	314000	443000	0	0	268000	663000	0	0	0	0	0	131000
TAX_53	0	0	0	53000	0	0	0	0	0	0	0	0	0	0	0	0	0	0	0	0	0	0	0	0	0	0	0	0	0	0	0	0	0	0	0	0	0
TAX_54	0	69000	0	0	0	0	77000	267000	0	0	0	0	0	162000	54000	0	0	0	0	0	0	0	0	0	0	83000	80000	0	0	0	0	0	0	0	0	0	115000
TAX_55	0	197000	0	0	0	0	101000	286000	0	0	0	0	0	636000	100000	0	0	0	0	51000	0	0	0	0	0	205000	196000	0	0	143000	126000	0	0	0	0	0	284000
TAX_56	0	0	0	0	0	0	0	134000	0	0	0	0	0	51000	0	0	0	0	0	0	0	0	0	0	0	0	0	0	0	0	0	0	0	0	0	0	86000
TAX_57	0	0	0	0	0	0	0	70000	0	0	0	0	0	0	0	0	0	0	0	0	0	0	0	0	0	0	0	0	0	0	0	0	0	0	0	0	0
TAX_58	0	115000	0	0	0	0	80000	84000	0	0	0	0	79000	94000	0	0	0	0	0	56000	0	0	0	0	0	0	0	0	0	0	0	0	51000	0	0	0	98000
TAX_59	0	177000	0	0	0	0	107000	344000	0	0	0	0	151000	294000	0	0	0	0	0	0	0	0	0	0	0	0	0	0	0	0	0	0	61000	0	0	0	172000
TAX_60	0	908000	0	179000	0	0	836000	998000	0	102000	0	0	621000	910000	513000	325000	158000	326000	97000	613000	121000	84000	51000	141000	113000	252000	241000	210000	187000	489000	189000	462000	531000	247000	237000	344000	860000
TAX_61	0	213000	0	65000	0	0	181000	212000	0	0	0	0	157000	199000	135000	81000	50000	89000	0	158000	0	0	0	0	0	74000	80000	54000	61000	125000	57000	113000	147000	0	68000	88000	204000
TAX_62	0	0	0	98000	0	0	0	136000	0	0	0	0	0	53000	0	0	0	0	0	0	0	0	0	0	0	0	0	0	0	0	0	0	0	0	0	0	0
TAX_63	0	76000	0	0	0	0	0	484000	0	85000	0	0	90000	551000	0	0	0	0	0	0	0	0	0	0	0	110000	129000	0	0	107000	202000	0	0	0	0	0	126000
TAX_64	0	0	0	0	0	0	0	70000	0	0	0	0	0	50000	0	0	0	0	0	0	0	0	0	0	0	0	0	0	0	0	0	0	0	0	0	0	0
TAX_65	0	73000	0	0	50000	0	0	0	0	469000	0	0	0	0	0	0	0	0	0	0	0	0	0	0	0	50000	0	0	0	0	0	0	0	0	0	0	0
TAX_66	0	0	0	0	0	0	0	90000	0	0	0	0	0	0	0	0	0	0	0	0	0	0	0	0	0	0	0	0	0	0	0	0	0	0	0	0	0
TAX_67	0	103000	0	0	0	0	0	0	0	0	0	0	0	69000	71000	0	0	0	0	0	0	0	0	0	0	0	0	122000	127000	0	0	65000	0	0	137000	153000	0
TAX_68	0	1779000	0	0	0	0	353000	0	0	0	0	0	0	184000	563000	110000	52000	69000	0	1309000	370000	0	0	0	0	180000	148000	119000	95000	422000	172000	0	168000	56000	115000	110000	534000
TAX_69	0	314000	0	0	0	0	64000	0	0	0	0	0	0	0	79000	0	0	0	0	263000	75000	0	0	0	0	0	0	0	0	71000	0	0	0	0	0	0	93000
TAX_70	0	71000	0	0	0	0	52000	0	0	0	0	0	0	0	0	0	0	0	0	0	0	0	0	0	0	0	0	0	0	0	0	0	0	0	0	0	52000
TAX_71	0	0	0	0	0	0	199000	0	0	0	0	0	0	0	0	0	0	0	0	0	0	0	0	0	0	0	0	0	0	0	0	0	0	0	0	0	0
TAX_72	0	56000	0	0	0	0	0	0	0	0	0	0	0	0	0	0	0	0	0	0	0	0	0	0	0	0	0	0	0	0	0	0	0	0	0	0	83000
TAX_73	0	173000	0	162000	0	0	87000	174000	0	0	0	0	0	69000	0	0	0	0	0	0	0	0	0	0	0	0	0	0	0	0	0	0	59000	0	0	0	108000
TAX_74	0	108000	0	206000	0	0	70000	213000	0	0	0	0	0	253000	0	0	0	0	0	0	0	0	0	0	0	0	0	0	0	0	0	0	0	0	0	0	68000
TAX_75	0	94000	0	0	0	0	0	64000	0	0	0	0	0	89000	0	0	0	0	0	0	0	0	0	0	0	0	0	0	0	0	0	0	0	0	0	0	69000
TAX_76	0	71000	0	172000	0	0	0	0	0	0	0	0	0	0	0	52000	0	0	0	0	0	0	0	0	0	0	0	0	0	0	0	148000	169000	0	0	0	0
TAX_77	0	0	0	0	0	0	0	0	0	0	0	0	0	72000	0	0	0	0	0	0	0	0	0	0	0	0	0	0	0	0	0	0	0	0	0	0	0
TAX_78	0	91000	0	0	0	0	0	89000	0	0	0	0	52000	152000	0	0	0	0	0	0	0	0	0	0	0	0	0	0	0	0	0	0	0	0	0	0	0
TAX_79	0	76000	0	0	0	0	0	79000	0	0	0	0	70000	281000	0	0	0	0	0	0	0	0	0	0	0	0	0	0	0	59000	0	0	0	0	0	0	0
TAX_80	0	0	0	0	0	0	0	70000	0	0	0	0	0	58000	0	0	0	0	0	0	0	0	0	0	0	0	0	0	0	0	0	0	0	0	0	0	0
TAX_81	0	333000	0	0	0	0	0	0	0	0	0	0	0	0	0	0	0	0	0	82000	0	0	0	0	0	0	0	0	0	0	0	0	0	0	0	0	0
TAX_82	0	126000	0	0	0	0	0	425000	0	0	0	0	0	297000	0	0	0	0	0	0	0	0	0	0	0	0	0	0	0	0	0	0	0	0	0	0	81000
TAX_83	0	0	0	0	0	0	0	53000	0	0	0	0	0	0	0	0	0	0	0	0	0	0	0	0	0	0	0	0	0	0	0	0	0	0	0	0	0
TAX_84	0	157000	0	0	0	0	0	0	0	0	0	0	0	79000	0	0	0	0	0	0	0	0	0	0	0	0	0	0	0	0	0	0	0	0	0	0	0
TAX_85	0	488000	0	238000	0	107000	0	338000	0	80000	0	0	257000	420000	0	0	0	0	0	0	0	0	0	0	0	0	0	0	0	0	0	50000	91000	0	0	0	0
TAX_86	0	112000	0	203000	0	71000	0	254000	0	97000	64000	0	196000	530000	0	0	0	0	0	0	0	0	0	0	0	0	0	0	0	0	0	0	109000	0	0	0	0
TAX_87	0	0	0	0	0	0	0	96000	0	0	0	0	0	0	0	0	0	0	0	0	0	0	0	0	0	0	0	0	0	0	0	0	0	0	0	0	0
TAX_88	0	56000	0	0	0	0	60000	612000	0	0	0	0	0	66000	0	0	0	0	0	0	0	0	0	0	0	0	0	0	0	0	0	0	0	0	0	0	101000
TAX_89	0	0	0	224000	0	0	0	716000	0	90000	0	0	0	0	0	0	0	0	0	0	0	0	0	0	0	0	0	0	0	0	0	0	121000	0	0	0	106000
TAX_90	0	0	0	0	0	0	0	205000	0	0	0	0	0	0	0	0	0	0	0	0	0	0	0	0	0	0	0	0	0	0	0	0	0	0	0	0	0
TAX_91	0	0	0	0	0	0	0	71000	0	0	0	0	0	0	0	0	0	0	0	0	0	0	0	0	0	0	0	0	0	0	0	0	0	0	0	0	0
TAX_92	0	0	0	0	0	0	0	0	0	0	0	0	73000	0	0	0	0	0	0	0	0	0	0	0	0	0	0	0	0	0	0	0	0	0	0	0	0
TAX_93	0	0	0	0	0	0	0	0	0	0	0	0	477000	0	0	0	0	0	0	0	0	0	0	0	0	0	0	0	0	0	0	0	0	0	0	0	0
TAX_94	0	56000	0	76000	0	0	0	0	0	0	0	0	62000	59000	0	0	0	0	0	0	0	0	0	0	0	0	0	0	0	0	0	0	81000	0	0	0	0
TAX_95	0	0	0	0	0	0	0	0	0	0	0	0	408000	0	0	0	0	0	0	0	0	0	0	0	0	0	0	0	0	0	0	0	0	0	0	0	0
TAX_96	0	0	0	0	0	0	0	0	0	0	0	0	131000	0	0	0	0	0	0	0	0	0	0	0	0	0	0	0	0	0	0	0	0	0	0	0	0
TAX_97	0	0	0	85000	0	0	0	0	0	0	0	0	0	0	0	0	0	0	0	0	0	0	0	58000	57000	0	0	80000	68000	0	0	177000	90000	67000	79000	68000	0
TAX_98	0	143000	0	84000	0	0	78000	177000	0	0	0	0	90000	146000	0	0	0	0	0	0	0	0	0	0	0	0	0	0	52000	0	0	78000	92000	0	0	66000	63000
TAX_99	0	0	0	0	0	0	0	64000	0	0	0	0	0	66000	0	0	0	0	0	0	0	0	0	0	0	0	0	0	0	0	0	0	0	0	0	0	0
TAX_100	0	62000	0	224000	0	0	0	756000	0	105000	0	0	0	67000	0	0	0	0	0	0	0	0	0	0	0	0	0	0	0	0	0	64000	176000	0	0	0	188000
TAX_101	0	227000	0	166000	0	0	59000	212000	0	98000	0	0	171000	220000	65000	86000	57000	0	63000	90000	0	0	0	60000	0	0	0	123000	130000	0	0	176000	188000	66000	87000	155000	112000
TAX_102	0	0	0	0	0	0	0	84000	0	0	0	0	0	0	0	0	0	0	0	0	0	0	0	0	0	0	0	0	0	0	0	0	0	0	0	0	0
TAX_103	0	889000	0	89000	0	0	260000	1332000	0	0	0	0	480000	1258000	89000	0	0	0	0	65000	0	0	0	0	0	0	0	0	0	50000	0	100000	221000	0	0	63000	285000
TAX_104	0	288000	0	0	0	0	82000	498000	0	0	0	0	0	474000	0	0	0	0	0	0	0	0	0	0	0	0	0	0	0	0	0	0	0	0	0	0	135000
TAX_105	0	0	0	72000	0	0	0	192000	0	0	0	0	0	0	0	0	0	0	0	0	0	0	0	0	0	0	0	0	0	0	0	0	0	0	0	0	0
TAX_106	0	356000	0	208000	0	0	144000	484000	0	117000	0	0	384000	453000	75000	0	0	0	0	80000	0	0	0	0	0	0	0	119000	107000	68000	0	279000	156000	0	80000	170000	222000
TAX_107	0	70000	0	140000	0	0	0	334000	0	82000	0	0	0	69000	0	0	0	0	0	0	0	0	0	0	0	0	0	0	0	0	0	90000	80000	0	0	0	84000
TAX_108	0	118000	0	0	0	0	0	300000	0	0	0	0	0	142000	0	0	0	0	0	0	0	0	0	0	0	0	0	0	0	0	0	0	0	0	0	0	100000
TAX_109	0	121000	0	0	0	0	0	181000	0	0	0	0	58000	156000	0	0	0	0	0	0	0	0	0	0	0	0	0	0	0	0	0	69000	0	0	0	0	67000
TAX_110	0	462000	0	124000	0	0	178000	698000	0	60000	0	0	194000	621000	55000	63000	0	0	0	97000	0	0	0	0	0	0	0	76000	61000	54000	0	221000	116000	0	0	114000	268000
TAX_111	0	132000	0	0	0	0	0	460000	0	0	0	0	0	974000	0	0	0	0	0	0	0	0	0	0	0	0	0	0	0	0	0	0	0	0	0	0	0
TAX_112	0	0	0	0	0	0	0	70000	0	0	0	0	0	361000	0	0	0	0	0	0	0	0	0	0	0	0	0	0	0	0	0	0	0	0	0	0	0
TAX_113	0	0	0	0	0	0	0	0	0	0	0	0	0	199000	0	0	0	0	0	0	0	0	0	0	0	0	0	0	0	0	0	0	0	0	0	0	0
TAX_114	0	0	0	0	0	0	0	0	0	0	0	0	0	74000	0	0	0	0	0	0	0	0	0	0	0	0	0	0	0	0	0	0	0	0	0	0	0
TAX_115	0	165000	0	0	0	0	0	0	0	0	0	0	0	419000	0	0	0	0	0	0	0	0	0	0	0	0	0	359000	333000	0	0	374000	0	0	505000	529000	0
TAX_116	0	92000	0	0	0	0	0	51000	0	0	0	0	111000	123000	0	0	0	0	0	0	0	0	0	0	0	0	0	0	0	0	0	0	0	0	0	0	0
TAX_117	0	0	0	0	0	0	0	0	0	0	0	0	0	55000	0	0	0	0	0	0	0	0	0	0	0	0	0	0	0	0	0	0	0	0	0	0	0
TAX_118	0	737000	0	0	0	0	0	0	0	0	0	0	531000	534000	112000	71000	0	0	68000	283000	0	0	0	0	0	0	0	350000	355000	76000	0	59000	0	0	293000	292000	0
TAX_119	0	68000	0	0	0	0	0	79000	0	0	0	0	0	174000	0	0	0	0	0	0	0	0	0	0	0	0	0	0	0	0	0	0	0	0	0	0	0
TAX_120	0	0	0	0	0	0	0	0	0	0	0	0	0	63000	0	0	0	0	0	0	0	0	0	0	0	0	0	0	0	0	0	0	0	0	0	0	0
TAX_121	0	0	0	0	0	0	0	0	0	0	0	0	2085000	0	0	0	0	0	0	0	0	0	0	0	0	0	0	0	0	0	0	0	0	0	0	0	0
TAX_122	0	0	0	0	0	0	0	0	0	0	0	0	403000	0	0	0	0	0	0	0	0	0	0	0	0	0	0	0	0	0	0	0	0	0	0	0	0
TAX_123	0	0	0	0	0	0	0	0	0	0	0	0	91000	0	0	0	0	0	0	0	0	0	0	0	0	0	0	0	0	0	0	0	0	0	0	0	0
TAX_124	0	57000	0	0	0	0	0	0	0	0	0	0	0	50000	0	0	0	0	0	0	0	0	0	0	0	0	0	0	0	0	0	0	0	0	0	0	0
TAX_125	0	69000	0	58000	0	0	0	0	0	0	0	0	0	97000	0	0	0	0	0	0	0	0	0	0	0	0	0	0	0	0	0	0	0	0	0	0	0
TAX_126	0	155000	0	147000	0	0	0	61000	0	98000	0	0	50000	108000	0	0	0	0	0	0	0	0	0	0	0	0	0	66000	64000	0	0	0	134000	0	0	55000	0
TAX_127	0	166000	0	128000	0	0	109000	298000	0	75000	0	0	130000	383000	52000	0	0	0	0	0	0	0	0	0	0	0	0	0	0	0	0	59000	97000	0	0	0	71000
TAX_128	0	486000	0	468000	0	134000	335000	600000	0	301000	64000	0	461000	626000	181000	144000	82000	93000	79000	121000	0	0	0	116000	113000	0	0	134000	115000	92000	0	234000	391000	134000	79000	161000	252000
TAX_129	0	0	0	0	0	0	0	0	0	0	0	0	278000	0	0	0	0	0	0	0	0	0	0	0	0	0	0	0	0	0	0	0	0	0	0	0	0
TAX_130	0	0	0	0	0	0	0	0	0	0	0	0	1169000	0	0	0	0	0	0	0	0	0	0	0	0	0	0	0	0	0	0	0	0	0	0	0	0
TAX_131	0	0	0	0	0	0	0	0	0	0	0	0	129000	0	0	0	0	0	0	0	0	0	0	0	0	0	0	0	0	0	0	0	0	0	0	0	0
TAX_132	0	0	0	0	0	0	0	0	0	0	0	0	56000	0	0	0	0	0	0	0	0	0	0	0	0	0	0	0	0	0	0	0	0	0	0	0	0
TAX_133	0	0	0	0	0	0	0	0	0	0	0	0	0	73000	0	0	0	0	0	0	0	0	0	0	0	0	0	0	0	0	0	0	0	0	0	0	0
TAX_134	0	0	0	0	0	0	0	65000	0	0	0	0	0	0	0	0	0	0	0	0	0	0	0	0	0	0	0	0	0	0	0	0	0	0	0	0	0
TAX_135	0	0	0	0	0	0	0	50000	0	0	0	0	0	76000	0	0	0	0	0	0	0	0	0	0	0	0	0	0	0	0	0	0	0	0	0	0	0
TAX_136	0	1760000	0	0	0	0	0	206000	0	0	0	0	302000	1459000	556000	104000	0	85000	0	1675000	1204000	0	0	74000	52000	0	0	1063000	1026000	607000	369000	0	78000	0	863000	692000	128000
TAX_137	0	991000	0	366000	0	73000	0	294000	0	211000	0	0	925000	1350000	585000	0	0	0	0	162000	0	68000	0	229000	231000	0	0	1268000	1196000	127000	0	346000	176000	63000	1198000	1290000	106000
TAX_138	0	229000	0	75000	0	0	56000	791000	0	0	0	0	248000	1421000	69000	0	0	0	0	0	0	0	0	0	0	0	0	0	0	219000	0	0	0	0	0	0	258000
TAX_139	0	0	0	0	0	0	0	72000	0	0	0	0	0	143000	0	0	0	0	0	0	0	0	0	0	0	0	0	0	0	0	0	0	0	0	0	0	0
TAX_140	0	0	0	0	0	0	0	76000	0	0	0	0	0	1085000	0	0	0	0	0	0	0	0	0	0	0	0	0	0	0	60000	0	0	0	0	0	0	0
TAX_141	0	0	0	0	0	0	0	80000	0	0	0	0	58000	177000	53000	0	0	0	0	0	0	0	0	0	0	0	0	0	0	0	0	0	0	0	0	0	0
TAX_142	0	0	0	0	0	0	0	0	0	0	0	0	0	70000	0	0	0	0	0	0	0	0	0	0	0	0	0	0	0	0	0	0	0	0	0	0	0
TAX_143	0	0	0	0	0	0	0	0	0	0	0	0	0	66000	0	0	0	0	0	0	0	0	0	0	0	0	0	0	0	0	0	0	0	0	0	0	0
TAX_144	0	0	0	0	0	0	61000	0	0	0	0	0	0	132000	0	0	0	0	0	0	0	0	0	0	0	0	57000	0	0	0	0	0	0	0	0	0	0
TAX_145	0	0	0	0	0	0	0	0	0	0	0	0	0	61000	0	0	0	0	0	0	0	0	0	0	0	0	0	0	0	0	0	0	0	0	0	0	0
TAX_146	0	1131000	0	0	0	0	0	0	0	0	0	0	0	505000	111000	65000	0	0	0	853000	331000	0	0	0	0	0	0	233000	195000	121000	0	121000	119000	52000	263000	193000	0
TAX_147	0	998000	0	52000	0	0	72000	102000	0	0	0	0	0	254000	85000	0	0	0	0	233000	0	0	0	0	0	0	0	120000	103000	0	0	0	121000	0	80000	87000	0
TAX_148	0	178000	0	0	0	0	0	0	0	0	0	0	0	0	0	0	0	0	0	86000	0	0	0	0	0	0	0	0	0	0	0	0	0	0	0	0	0
TAX_149	0	0	0	0	0	0	0	0	0	0	0	0	0	419000	0	0	0	0	0	0	0	0	0	0	0	0	0	0	0	0	0	0	0	0	0	0	0
TAX_150	0	269000	0	0	0	0	0	247000	0	0	0	0	438000	606000	196000	0	0	0	0	88000	0	0	0	0	0	0	0	446000	447000	229000	125000	286000	0	0	506000	489000	127000
TAX_151	0	0	0	0	0	0	0	0	0	0	0	0	0	88000	0	0	0	0	0	0	0	0	0	0	0	0	0	0	50000	0	0	0	0	0	53000	0	0
TAX_152	0	241000	0	0	0	119000	0	273000	0	0	0	0	284000	1198000	117000	0	0	0	0	0	0	0	0	0	0	0	0	245000	233000	341000	216000	172000	63000	0	435000	317000	116000
TAX_153	0	64000	0	0	0	0	0	90000	0	0	0	0	0	507000	0	0	0	0	0	0	0	0	0	0	0	0	0	0	0	0	0	0	0	0	0	0	0
TAX_154	0	277000	0	0	0	0	57000	123000	0	0	0	0	0	320000	60000	0	0	0	0	77000	0	0	0	0	0	0	0	0	0	88000	0	0	0	0	0	0	103000
TAX_155	0	1360000	0	82000	0	0	216000	572000	0	0	0	0	81000	1219000	396000	240000	75000	0	0	615000	248000	85000	50000	64000	0	140000	152000	194000	184000	466000	198000	75000	486000	247000	198000	156000	431000
TAX_156	0	0	0	117000	0	0	0	0	0	55000	0	0	80000	0	0	0	0	0	0	0	0	64000	0	71000	70000	0	0	0	0	0	0	0	125000	79000	0	0	0
TAX_157	0	54000	0	94000	0	0	0	149000	0	0	0	0	0	93000	0	0	0	0	0	0	0	0	0	0	0	0	0	0	0	0	0	0	0	0	0	0	0
TAX_158	0	0	0	0	0	0	0	0	0	0	0	0	138000	0	0	0	0	0	0	0	0	0	0	0	0	0	0	0	0	0	0	0	0	0	0	0	0
TAX_159	0	0	0	0	0	0	0	0	0	0	0	0	487000	0	0	0	0	0	0	0	0	0	0	0	0	0	0	0	0	0	0	0	0	0	0	0	0
TAX_160	0	0	0	0	0	0	0	62000	0	0	0	0	0	113000	0	0	0	0	0	0	0	0	0	0	0	0	0	0	0	58000	0	0	0	0	0	0	64000
TAX_161	0	919000	0	309000	0	0	131000	150000	0	102000	0	0	122000	299000	803000	527000	290000	141000	345000	681000	525000	729000	583000	636000	478000	230000	213000	459000	417000	395000	309000	306000	982000	772000	333000	303000	353000
TAX_162	0	1133000	0	781000	0	60000	0	75000	0	283000	0	0	341000	403000	1035000	940000	548000	185000	781000	968000	751000	1071000	924000	1028000	890000	0	0	945000	857000	290000	238000	653000	1270000	1086000	941000	831000	118000
TAX_163	0	56000	0	0	0	0	0	0	0	0	0	0	0	0	0	0	0	0	0	0	0	0	0	0	0	0	0	0	0	0	0	0	0	0	0	0	0
TAX_164	0	234000	0	128000	0	0	0	0	0	0	0	0	67000	96000	255000	407000	167000	0	500000	135000	98000	465000	342000	332000	208000	0	0	349000	268000	80000	88000	506000	865000	502000	444000	215000	0
TAX_165	0	104000	0	0	0	0	0	53000	0	0	0	0	0	0	0	0	0	0	0	0	0	0	0	0	0	0	0	0	0	0	0	0	0	0	0	0	50000
TAX_166	0	141000	0	0	0	0	0	0	0	0	0	0	0	0	94000	71000	0	0	57000	0	60000	163000	126000	110000	60000	0	0	166000	151000	156000	212000	104000	194000	135000	237000	163000	134000
TAX_167	0	0	0	276000	0	0	0	0	0	0	0	0	0	0	0	152000	66000	0	55000	0	0	239000	164000	174000	128000	0	0	0	0	0	0	0	353000	193000	0	0	51000
TAX_168	0	0	0	89000	0	0	0	70000	0	0	0	0	0	50000	0	0	0	0	0	0	0	59000	53000	0	0	0	0	0	0	0	0	0	115000	68000	0	0	86000
TAX_169	0	447000	0	92000	0	0	168000	0	0	0	0	0	69000	224000	65000	0	0	0	0	103000	0	0	0	0	0	0	0	55000	56000	54000	0	77000	239000	0	0	0	0
TAX_170	0	59000	0	0	0	0	0	0	0	0	0	0	0	0	0	0	0	0	0	0	0	0	0	0	0	0	0	0	0	0	0	0	0	0	0	0	0
TAX_171	0	92000	0	0	0	0	0	0	0	0	0	0	0	0	0	0	0	0	0	0	0	0	0	0	0	0	0	0	0	0	0	0	0	0	0	0	0
TAX_172	0	264000	0	0	0	0	0	0	0	0	0	0	66000	59000	200000	0	0	0	0	102000	0	0	0	0	0	0	0	217000	211000	0	0	95000	52000	0	175000	227000	0
TAX_173	0	95000	0	0	0	0	65000	0	0	0	0	0	0	0	0	0	0	0	0	0	0	0	0	0	0	0	0	0	0	51000	0	0	61000	0	0	0	203000
TAX_174	0	398000	0	195000	0	0	0	0	0	94000	0	0	0	0	124000	172000	56000	0	113000	199000	0	184000	162000	287000	265000	0	0	102000	67000	0	0	67000	315000	114000	61000	0	0
TAX_175	0	63000	0	0	0	0	0	0	0	0	0	0	0	0	0	0	0	0	0	0	0	0	0	0	0	0	0	0	0	0	0	0	0	0	0	0	0
TAX_176	0	50000	0	0	0	0	73000	0	0	0	0	0	0	0	0	0	0	0	0	0	0	0	0	0	0	0	0	0	0	0	0	0	0	0	0	0	121000
TAX_177	0	101000	0	0	0	0	84000	0	0	0	0	0	0	0	136000	0	0	0	0	0	0	0	0	0	0	0	0	0	0	0	0	0	0	0	0	0	106000
TAX_178	0	56000	0	0	0	0	147000	0	0	0	0	0	0	0	54000	0	0	0	0	0	0	0	0	0	0	0	0	0	0	0	0	0	0	0	0	0	319000
TAX_179	0	251000	0	66000	0	0	0	1687000	0	387000	0	0	0	115000	0	0	0	0	0	0	0	0	0	0	0	115000	119000	0	0	0	0	0	146000	92000	0	0	372000
TAX_180	0	94000	0	0	0	0	0	592000	0	156000	0	0	0	0	0	0	0	0	0	0	0	0	0	0	0	0	0	0	0	0	0	0	59000	0	0	0	167000
TAX_181	0	0	0	0	0	0	0	57000	0	0	0	0	0	0	0	0	0	0	0	0	0	0	0	0	0	0	0	0	0	0	0	0	0	0	0	0	0
TAX_182	0	252000	0	214000	56000	0	0	749000	0	268000	0	0	482000	327000	79000	0	0	0	0	93000	128000	0	0	0	0	55000	62000	0	0	79000	106000	0	0	0	0	0	249000
TAX_183	0	392000	0	141000	183000	88000	0	480000	0	550000	0	54000	1864000	763000	0	0	0	0	0	0	61000	0	0	0	0	0	0	0	0	65000	85000	57000	0	0	141000	0	195000
TAX_184	0	101000	0	0	0	0	0	145000	0	112000	0	0	109000	106000	0	0	0	0	0	0	0	0	0	0	0	0	0	0	0	0	0	0	0	0	0	0	93000
TAX_185	0	685000	0	107000	0	0	0	2015000	0	686000	0	0	555000	1518000	98000	0	0	0	0	74000	160000	0	0	0	0	145000	190000	0	0	178000	218000	0	0	0	0	0	784000
TAX_186	242000	1352000	145000	1187000	382000	472000	202000	1370000	116000	1414000	271000	129000	1388000	1364000	800000	253000	103000	63000	74000	822000	1007000	177000	116000	144000	119000	491000	482000	79000	97000	759000	885000	73000	403000	352000	310000	106000	1275000
TAX_187	95000	519000	51000	454000	157000	182000	84000	547000	0	544000	82000	73000	525000	503000	324000	93000	50000	0	0	332000	410000	66000	51000	0	50000	188000	167000	0	0	284000	360000	0	140000	134000	100000	0	499000
TAX_188	0	0	0	0	0	0	0	204000	0	0	0	0	0	77000	0	0	0	0	0	0	0	0	0	0	0	0	0	0	0	0	0	0	0	0	0	0	98000
TAX_189	0	0	0	0	0	0	0	63000	0	0	0	0	0	0	0	0	0	0	0	0	0	0	0	0	0	0	0	0	0	0	0	0	0	0	0	0	0
TAX_190	0	1056000	0	373000	104000	75000	0	1749000	0	1606000	0	0	1527000	1133000	157000	0	0	0	0	138000	217000	0	0	0	0	68000	58000	0	0	100000	153000	0	62000	64000	69000	0	639000
TAX_191	0	51000	0	0	0	0	0	0	0	0	0	0	0	50000	0	0	0	0	0	0	0	0	0	0	0	0	0	0	0	0	0	0	0	0	0	0	0
TAX_192	0	1949000	0	537000	129000	98000	112000	2821000	0	1016000	52000	0	2957000	3009000	487000	0	0	0	0	439000	725000	0	0	0	0	427000	426000	0	0	894000	1312000	0	114000	119000	0	0	1645000
TAX_193	0	270000	0	0	0	0	0	546000	0	112000	0	0	1370000	663000	0	0	0	0	0	50000	81000	0	0	0	0	0	0	0	0	89000	125000	0	0	0	0	0	169000
TAX_194	0	1385000	0	1011000	627000	78000	237000	1679000	0	1205000	111000	0	1355000	1488000	609000	56000	0	0	0	825000	1003000	62000	50000	54000	0	564000	574000	0	0	654000	852000	0	255000	203000	99000	0	1312000
TAX_195	0	0	0	0	0	0	0	556000	0	0	0	0	0	75000	0	0	0	0	0	0	0	0	0	0	0	0	0	0	0	0	0	0	0	0	0	0	142000
TAX_196	0	0	0	0	0	0	0	0	0	71000	0	0	0	0	0	0	0	0	0	0	0	0	0	0	0	0	0	0	0	0	0	0	0	0	0	0	0
TAX_197	0	0	0	0	0	0	0	0	0	52000	0	0	0	0	0	0	0	0	0	0	0	0	0	0	0	0	0	0	0	0	0	0	0	0	0	0	0
TAX_198	0	129000	0	0	0	0	129000	0	0	0	0	0	0	53000	56000	0	0	0	0	60000	0	0	0	0	0	0	0	0	0	66000	0	0	70000	0	0	0	184000
TAX_199	0	147000	0	0	0	0	67000	0	0	0	0	0	0	0	0	0	0	0	0	0	0	0	0	0	0	0	0	0	0	0	0	52000	253000	0	0	0	723000
TAX_200	0	0	0	0	0	0	55000	0	0	0	0	0	0	0	0	0	0	0	0	0	0	0	0	0	0	0	0	0	0	0	0	0	0	0	0	0	51000
TAX_201	0	0	0	0	0	0	77000	0	0	0	0	0	0	0	0	0	0	0	0	0	0	0	0	0	0	0	0	0	0	0	0	0	0	0	0	0	0
TAX_202	0	69000	0	65000	0	0	0	101000	0	51000	59000	0	76000	76000	0	0	0	0	0	0	0	0	0	0	0	0	0	0	0	0	0	0	0	0	0	0	59000
TAX_203	0	0	0	0	0	0	0	88000	0	0	0	0	0	0	0	0	0	0	0	0	0	0	0	0	0	0	0	0	0	0	0	0	0	0	0	0	199000
TAX_204	0	67000	0	0	0	0	0	177000	0	0	0	0	0	114000	0	0	0	0	0	0	73000	0	0	0	0	0	0	81000	76000	113000	272000	229000	0	0	237000	140000	328000
TAX_205	0	0	0	0	0	0	0	126000	0	0	0	0	0	0	0	0	0	0	0	0	0	0	0	0	0	0	0	0	0	0	0	0	0	0	0	0	108000
TAX_206	0	77000	0	0	0	0	0	0	0	0	0	0	72000	0	0	0	0	0	0	0	0	0	0	0	0	0	0	0	0	0	0	0	0	0	0	0	54000
TAX_207	0	0	0	0	0	0	0	286000	0	0	0	0	0	142000	0	0	0	0	0	0	0	0	0	0	0	0	0	0	0	0	0	0	0	0	0	0	60000
TAX_208	0	0	0	2553000	0	169000	0	459000	0	1041000	0	0	0	0	0	0	0	0	0	0	0	78000	69000	57000	53000	0	0	0	0	0	0	0	82000	59000	0	0	0
TAX_209	0	0	0	165000	0	74000	0	158000	0	112000	0	0	0	98000	0	0	0	0	0	0	0	0	0	0	0	0	0	0	0	0	0	0	0	0	0	0	0
TAX_210	0	0	0	101000	0	0	0	77000	0	60000	0	0	0	0	0	0	0	0	0	0	0	0	0	0	0	0	0	0	0	0	0	0	0	0	0	0	0
TAX_211	0	0	0	2660000	0	409000	0	687000	0	1188000	77000	0	59000	0	0	0	0	0	0	0	0	70000	57000	58000	0	0	0	0	0	0	0	0	115000	87000	0	0	62000
TAX_212	0	57000	0	264000	0	0	0	275000	0	145000	0	0	126000	151000	0	0	0	0	0	0	0	0	0	0	0	0	0	0	0	0	0	0	0	0	0	0	74000
TAX_213	0	0	0	114000	0	50000	0	117000	0	56000	0	0	57000	0	0	0	0	0	0	0	0	0	0	0	0	0	0	0	0	0	0	0	0	0	0	0	0
TAX_214	0	0	0	378000	0	133000	0	399000	0	226000	83000	0	248000	109000	0	0	0	0	0	0	0	0	0	0	0	0	0	0	0	0	0	55000	0	0	0	0	0
TAX_215	0	0	0	183000	0	0	0	362000	0	73000	0	0	73000	92000	0	0	0	0	0	0	0	0	0	0	0	0	0	0	0	0	0	0	0	0	0	0	51000
TAX_216	0	0	0	163000	0	75000	0	151000	0	86000	67000	0	92000	64000	0	0	0	0	0	0	0	0	0	0	0	0	0	0	0	0	0	0	0	0	0	0	0
TAX_217	0	58000	0	0	0	0	0	0	0	0	0	0	0	0	0	90000	0	0	0	0	0	0	0	0	0	117000	111000	0	0	68000	93000	0	100000	0	0	0	1081000
TAX_218	0	718000	0	980000	124000	193000	91000	2154000	0	456000	250000	0	545000	1566000	81000	63000	0	0	0	57000	56000	0	0	51000	0	102000	109000	0	0	119000	139000	0	126000	88000	0	0	541000
TAX_219	0	95000	0	91000	0	51000	0	131000	0	70000	58000	0	124000	109000	0	0	0	0	0	0	0	0	0	0	0	0	0	0	0	0	0	0	0	0	0	0	69000
TAX_220	0	50000	0	53000	0	0	0	147000	0	0	0	0	0	87000	0	0	0	0	0	0	0	0	0	0	0	0	0	0	0	0	0	0	0	0	0	0	0
TAX_221	0	1124000	0	816000	424000	140000	155000	1281000	0	530000	377000	0	865000	1121000	174000	85000	0	0	0	257000	262000	0	0	0	0	215000	195000	0	51000	261000	257000	81000	107000	82000	90000	0	882000
TAX_222	0	225000	0	172000	0	59000	0	394000	0	97000	87000	0	137000	378000	0	0	0	0	0	0	0	0	0	0	0	0	0	0	0	0	0	0	0	0	0	0	174000
TAX_223	0	488000	0	491000	220000	352000	60000	587000	0	380000	386000	0	596000	513000	0	104000	0	0	0	91000	99000	0	0	0	0	72000	71000	0	0	97000	100000	70000	95000	102000	64000	0	406000
TAX_224	0	370000	0	277000	163000	91000	0	425000	0	192000	154000	0	339000	395000	0	0	0	0	0	68000	79000	0	0	0	0	65000	53000	0	0	86000	76000	0	0	0	0	0	278000
TAX_225	0	0	0	234000	0	0	0	134000	0	109000	0	0	0	0	0	0	0	0	0	0	0	0	0	0	0	0	0	0	0	0	0	0	0	0	0	0	0
TAX_226	0	0	0	235000	0	0	0	187000	0	65000	0	0	0	0	0	0	0	0	0	0	0	0	0	0	0	0	0	0	0	0	0	0	0	0	0	0	0
TAX_227	0	240000	0	0	0	0	119000	0	0	0	0	0	0	0	0	0	0	0	0	0	0	0	0	0	0	0	0	0	0	56000	0	0	59000	0	0	0	271000
TAX_228	0	65000	0	0	0	0	0	0	0	0	0	0	0	0	0	0	0	0	0	0	0	0	0	0	0	0	0	0	0	0	0	0	0	0	0	0	90000
TAX_229	0	227000	0	0	0	0	0	0	0	0	0	0	0	57000	0	0	0	0	0	62000	0	0	0	0	0	0	0	0	0	63000	0	0	0	0	0	0	128000
TAX_230	0	166000	0	0	0	0	0	0	0	0	0	0	0	0	92000	0	0	0	0	124000	153000	0	0	0	0	80000	102000	0	0	103000	140000	0	77000	55000	0	0	61000
TAX_231	0	211000	0	0	0	0	107000	0	0	0	0	0	0	0	0	0	0	0	0	0	0	0	0	0	0	0	0	0	0	0	0	0	0	0	0	0	114000
TAX_232	0	62000	0	0	0	0	0	0	0	0	0	0	0	0	0	0	0	0	0	0	0	0	0	0	0	0	0	0	0	0	0	0	0	0	0	0	0
TAX_233	0	97000	0	0	0	0	64000	0	0	0	0	0	0	0	0	0	0	0	0	0	0	0	0	0	0	0	0	0	0	0	0	0	0	0	0	0	0
TAX_234	0	316000	0	0	0	0	183000	0	0	0	0	0	0	53000	77000	0	0	0	0	0	0	0	0	0	0	0	0	0	0	0	0	0	105000	0	0	0	164000
TAX_235	0	150000	0	0	0	0	94000	0	0	0	0	0	0	0	0	0	0	0	0	57000	0	0	0	0	0	0	0	0	0	0	0	0	0	0	0	52000	87000
TAX_236	0	88000	0	0	0	0	54000	0	0	0	0	0	0	0	0	0	0	0	0	0	0	0	0	0	0	0	0	0	0	0	0	0	0	0	0	0	63000
TAX_237	0	166000	0	0	0	0	145000	0	0	0	0	0	0	0	0	0	0	0	0	0	0	0	0	0	0	0	0	0	0	0	0	0	0	0	0	0	105000
TAX_238	0	52000	0	0	0	0	0	0	0	0	0	0	0	0	0	0	0	0	0	0	0	0	0	0	0	0	0	0	0	0	0	0	65000	0	0	0	0
TAX_239	0	225000	0	0	0	0	157000	0	0	0	0	0	0	70000	0	0	0	0	0	64000	0	0	0	0	0	0	0	75000	0	50000	0	0	62000	0	0	0	149000
TAX_240	0	565000	0	0	0	0	443000	90000	0	0	0	0	0	156000	110000	0	0	0	0	152000	0	0	0	0	0	0	0	0	52000	117000	0	82000	127000	0	0	73000	344000
TAX_241	0	336000	0	0	0	0	244000	0	0	0	0	0	0	87000	53000	0	0	0	0	85000	0	0	0	0	0	0	0	0	0	69000	0	62000	78000	0	0	0	217000
TAX_242	0	50000	0	0	0	0	0	0	0	0	0	0	0	0	0	0	0	0	0	0	0	0	0	0	0	0	0	0	0	0	0	0	0	0	0	0	0
TAX_243	0	76000	0	0	0	0	0	0	0	0	0	0	0	0	0	0	0	0	0	0	0	0	0	0	0	0	0	0	0	0	0	0	0	0	0	0	0
TAX_244	0	63000	0	0	0	0	0	0	0	0	0	0	0	0	0	0	0	0	0	0	0	0	0	0	0	0	0	0	0	0	0	0	0	0	0	0	0
TAX_245	0	128000	0	0	0	0	126000	0	0	0	0	0	0	0	0	0	0	0	0	0	0	0	0	0	0	0	0	0	0	0	0	0	0	0	0	0	54000
TAX_246	0	51000	0	0	0	0	50000	0	0	0	0	0	0	0	0	0	0	0	0	0	0	0	0	0	0	0	0	0	0	0	0	0	0	0	0	0	0
TAX_247	0	271000	0	0	0	0	193000	58000	0	0	0	0	0	72000	61000	0	0	0	0	91000	0	0	0	0	0	0	0	54000	50000	59000	0	77000	116000	0	0	74000	144000
TAX_248	0	140000	0	0	0	0	116000	0	0	0	0	0	0	0	0	0	0	0	0	0	0	0	0	0	0	0	0	0	0	0	0	54000	56000	0	0	0	112000
TAX_249	0	125000	0	0	0	0	88000	0	0	0	0	0	0	0	0	0	0	0	0	0	0	0	0	0	0	0	0	0	0	0	0	0	0	0	0	0	91000
TAX_250	0	85000	0	0	0	0	52000	0	0	0	0	0	0	0	0	0	0	0	0	0	0	0	0	0	0	0	0	0	0	0	0	0	0	0	0	0	0
TAX_251	0	51000	0	0	0	0	75000	0	0	0	0	0	0	0	0	0	0	0	0	0	0	0	0	0	0	0	0	0	0	0	0	0	0	0	0	0	0
TAX_252	0	93000	0	0	0	0	55000	0	0	0	0	0	0	0	0	0	0	0	0	0	0	0	0	0	0	0	0	0	0	0	0	0	0	0	0	0	0
TAX_253	0	0	0	0	0	0	81000	0	0	0	0	0	0	0	0	0	0	0	0	0	0	0	0	0	0	0	0	0	0	0	0	0	0	0	0	0	0
TAX_254	0	76000	0	0	0	0	67000	0	0	0	0	0	0	0	0	0	0	0	0	0	0	0	0	0	0	0	0	0	0	0	0	0	0	0	0	0	50000
TAX_255	0	103000	0	0	0	0	60000	0	0	0	0	0	0	0	0	0	0	0	0	0	0	0	0	0	0	0	0	0	0	0	0	0	0	0	0	0	61000
TAX_256	0	162000	0	0	0	0	101000	0	0	0	0	0	0	0	0	0	0	0	0	0	0	0	0	0	0	0	0	0	0	0	0	0	0	0	0	0	74000
TAX_257	0	55000	0	0	0	0	71000	0	0	0	0	0	0	0	0	0	0	0	0	0	0	0	0	0	0	0	0	0	0	0	0	0	0	0	0	0	76000
TAX_258	0	69000	0	0	0	0	0	0	0	0	0	0	0	0	0	0	0	0	0	0	0	0	0	0	0	0	0	0	0	0	0	0	0	0	0	0	0
TAX_259	0	252000	0	0	0	0	167000	0	0	0	0	0	0	57000	51000	0	0	0	0	73000	0	0	0	0	0	0	0	0	0	50000	0	0	83000	0	0	0	95000
TAX_260	0	109000	0	0	0	0	86000	0	0	0	0	0	0	0	0	0	0	0	0	0	0	0	0	0	0	0	0	0	0	0	0	0	0	0	0	0	58000
TAX_261	0	60000	0	0	0	0	0	0	0	0	0	0	0	0	0	0	0	0	0	0	0	0	0	0	0	0	0	0	0	0	0	0	0	0	0	0	0
TAX_262	0	74000	0	0	0	0	0	0	0	0	0	0	0	0	0	0	0	0	0	0	0	0	0	0	0	0	0	0	0	0	0	0	0	0	0	0	0
TAX_263	0	0	0	0	0	0	57000	0	0	0	0	0	0	0	0	0	0	0	0	0	0	0	0	0	0	0	0	0	0	0	0	0	0	0	0	0	59000
TAX_264	0	53000	0	0	0	0	58000	0	0	0	0	0	0	0	0	0	0	0	0	0	0	0	0	0	0	0	0	0	0	0	0	0	0	0	0	0	65000
TAX_265	0	514000	0	0	0	0	177000	64000	0	0	0	0	0	85000	66000	0	0	0	0	115000	0	0	0	0	0	0	0	263000	256000	77000	0	516000	94000	0	162000	329000	221000
TAX_266	0	1251000	0	185000	0	0	1151000	509000	0	0	0	0	191000	759000	563000	385000	235000	248000	164000	882000	91000	84000	65000	191000	178000	177000	166000	655000	581000	457000	156000	569000	784000	278000	378000	670000	889000
TAX_267	0	481000	0	0	0	0	366000	75000	0	0	0	0	0	117000	106000	61000	0	65000	0	162000	0	0	0	0	0	0	0	62000	0	127000	0	125000	152000	0	0	93000	308000
TAX_268	0	179000	0	0	0	0	118000	0	0	0	0	0	0	0	0	0	0	0	0	0	0	0	0	0	0	0	0	0	0	0	0	0	0	0	0	0	96000
TAX_269	0	117000	0	0	0	0	72000	0	0	0	0	0	0	0	0	0	0	0	0	0	0	0	0	0	0	0	0	0	0	0	0	0	0	0	0	0	84000
TAX_270	0	0	0	0	0	0	50000	0	0	0	0	0	0	0	0	0	0	0	0	0	0	0	0	0	0	0	0	0	0	0	0	0	0	0	0	0	0
TAX_271	0	58000	0	0	0	0	0	0	0	0	0	0	0	0	0	0	0	0	0	0	0	0	0	0	0	0	0	0	0	0	0	0	0	0	0	0	0
TAX_272	0	87000	0	0	0	0	96000	0	0	0	0	0	0	0	0	0	0	0	0	0	0	0	0	0	0	0	0	0	0	0	0	0	0	0	0	0	0
TAX_273	0	59000	0	0	0	0	0	0	0	0	0	0	0	0	0	0	0	0	0	0	0	0	0	0	0	0	0	0	0	0	0	0	0	0	0	0	0
TAX_274	0	0	0	0	0	0	58000	0	0	0	0	0	0	0	0	0	0	0	0	0	0	0	0	0	0	0	0	0	0	0	0	0	0	0	0	0	0
TAX_275	0	117000	0	0	0	0	80000	0	0	0	0	0	0	0	0	0	0	0	0	0	0	0	0	0	0	0	0	0	0	0	0	0	0	0	0	0	60000
TAX_276	0	63000	0	0	0	0	0	0	0	0	0	0	0	0	0	0	0	0	0	0	0	0	0	0	0	0	0	0	0	0	0	0	0	0	0	0	0
TAX_277	0	0	0	0	0	0	61000	0	0	0	0	0	0	0	0	0	0	0	0	0	0	0	0	0	0	0	0	0	0	0	0	0	0	0	0	0	0
TAX_278	0	53000	0	0	0	0	0	0	0	0	0	0	0	0	0	0	0	0	0	0	0	0	0	0	0	0	0	0	0	0	0	0	0	0	0	0	0
TAX_279	0	62000	0	0	0	0	0	0	0	0	0	0	0	0	0	0	0	0	0	0	0	0	0	0	0	0	0	0	0	0	0	0	0	0	0	0	0
TAX_280	0	289000	0	0	0	0	77000	0	0	0	0	0	0	0	134000	89000	0	0	0	195000	242000	64000	0	0	0	149000	174000	137000	108000	214000	239000	168000	101000	83000	242000	167000	233000
TAX_281	0	1965000	0	0	0	0	231000	0	0	0	0	0	0	116000	911000	457000	230000	210000	265000	1830000	1752000	358000	236000	274000	161000	720000	755000	795000	726000	1111000	1271000	392000	647000	423000	891000	723000	1197000
TAX_282	0	76000	0	0	0	0	0	0	0	0	0	0	0	0	0	0	0	0	0	0	0	0	0	0	0	0	0	0	0	72000	0	0	0	0	0	0	104000
TAX_283	0	157000	0	0	0	0	70000	0	0	0	0	0	0	0	83000	0	0	104000	0	120000	261000	0	0	0	0	277000	320000	0	0	298000	596000	0	0	0	0	0	173000
TAX_284	0	72000	0	0	0	0	0	0	0	0	0	0	0	0	0	0	0	0	0	0	0	0	0	0	0	0	0	0	0	0	0	0	0	0	0	0	88000
TAX_285	0	2456000	0	1644000	0	0	143000	422000	0	312000	0	0	240000	1225000	1864000	1894000	1515000	626000	1835000	2297000	1119000	1692000	1542000	2045000	1955000	74000	68000	2172000	2130000	1379000	712000	2086000	2287000	1920000	2062000	2207000	1593000
TAX_286	0	1374000	0	917000	0	0	0	1328000	0	371000	75000	0	965000	1608000	195000	376000	178000	0	220000	371000	378000	358000	221000	242000	196000	0	0	323000	294000	285000	317000	449000	582000	400000	533000	353000	387000
TAX_287	0	2156000	0	992000	0	0	80000	166000	0	151000	0	0	408000	354000	945000	1230000	766000	358000	1005000	1369000	350000	1149000	1013000	1509000	1366000	0	0	1380000	1273000	550000	213000	1318000	2152000	1486000	1311000	1465000	988000
TAX_288	0	418000	0	587000	0	167000	0	0	0	283000	0	0	101000	95000	56000	214000	131000	0	207000	62000	100000	657000	588000	514000	463000	0	0	57000	0	0	0	56000	697000	658000	67000	51000	0
TAX_289	0	55000	0	0	0	0	0	0	0	0	0	0	0	0	53000	0	0	0	0	0	0	55000	0	0	0	0	0	0	0	0	80000	0	0	74000	0	0	140000
TAX_290	0	0	0	0	0	0	0	151000	0	0	0	0	0	95000	0	0	0	0	0	0	0	0	0	0	0	0	0	0	0	0	0	0	0	0	0	0	0
TAX_291	0	0	0	0	0	0	0	58000	0	0	0	0	0	0	0	0	0	0	0	0	0	0	0	0	0	0	0	0	0	0	0	0	0	0	0	0	0
TAX_292	0	1721000	0	522000	0	0	0	2116000	0	95000	0	0	75000	1111000	589000	635000	336000	0	460000	770000	1057000	1496000	1094000	1144000	846000	87000	82000	567000	550000	697000	1150000	646000	1526000	1169000	946000	720000	2091000
TAX_293	0	0	0	0	0	0	0	0	0	0	0	0	0	109000	0	0	0	0	0	0	0	0	0	0	0	0	0	0	0	0	0	0	0	0	0	0	0
TAX_294	0	567000	0	0	0	0	287000	163000	0	0	0	0	0	52000	172000	146000	70000	0	0	200000	0	55000	0	68000	60000	97000	106000	0	0	217000	86000	102000	554000	171000	0	0	1360000
TAX_295	0	226000	0	0	0	0	54000	0	0	0	0	0	0	0	121000	80000	0	0	0	110000	55000	71000	0	78000	0	0	0	52000	0	101000	0	85000	210000	90000	69000	60000	661000
TAX_296	0	59000	0	134000	0	0	0	0	0	0	0	0	0	0	0	0	0	0	0	0	0	0	0	0	0	0	0	0	0	0	0	0	0	0	0	0	0
TAX_297	0	4030000	0	1780000	0	171000	136000	3414000	0	969000	84000	0	1285000	3606000	2830000	2550000	1521000	404000	2214000	3373000	3343000	2683000	2181000	2232000	1694000	396000	460000	2570000	2549000	2702000	2763000	1966000	3263000	2818000	3300000	2794000	3098000
TAX_298	0	76000	0	0	0	0	0	0	0	0	0	0	0	0	0	0	0	0	0	0	0	0	0	0	0	0	0	0	0	0	0	0	0	0	0	0	0
TAX_299	0	122000	0	0	0	0	0	89000	0	0	0	0	0	81000	0	0	0	0	0	70000	58000	0	0	0	0	0	0	0	0	0	0	0	85000	0	55000	0	64000
TAX_300	0	0	0	0	0	85000	0	0	0	0	0	0	0	0	0	0	0	0	0	0	0	0	0	0	0	0	0	0	0	0	0	0	0	0	0	0	0
TAX_301	0	63000	0	0	0	0	0	56000	0	0	0	0	0	58000	55000	0	0	0	0	0	0	0	0	0	0	0	0	0	0	81000	0	0	0	0	0	0	145000
TAX_302	0	204000	0	0	0	0	79000	197000	0	0	0	0	0	197000	146000	82000	0	54000	0	128000	0	0	0	0	0	80000	71000	0	0	236000	123000	0	184000	77000	50000	0	360000
TAX_303	0	293000	0	0	0	0	133000	133000	0	0	0	0	0	304000	236000	0	0	0	0	71000	0	0	0	0	0	105000	127000	0	0	368000	221000	0	110000	50000	0	0	563000
TAX_304	0	628000	0	0	0	0	394000	291000	0	0	0	0	0	405000	365000	141000	0	78000	0	263000	55000	0	0	54000	0	226000	232000	0	0	527000	275000	0	367000	105000	0	0	776000
TAX_305	0	2262000	0	804000	0	0	0	746000	0	515000	0	0	577000	1796000	1477000	1348000	955000	129000	1592000	1623000	1896000	1515000	1345000	1385000	1200000	56000	60000	1681000	1627000	969000	1391000	1155000	1709000	1616000	2173000	1928000	697000
TAX_306	0	109000	0	0	0	0	0	0	0	0	0	0	0	0	68000	0	0	0	0	0	0	0	0	0	0	89000	78000	0	0	129000	93000	0	56000	0	0	0	327000
TAX_307	0	570000	0	78000	0	0	0	95000	0	0	0	0	0	755000	209000	118000	62000	0	102000	271000	377000	210000	153000	180000	140000	0	0	709000	668000	219000	464000	732000	454000	316000	1173000	858000	118000
TAX_308	0	65000	0	52000	0	0	0	0	0	0	0	0	0	0	0	0	0	0	0	0	0	0	0	0	0	0	0	0	0	0	0	0	0	0	0	0	0
TAX_309	0	2449000	0	1617000	0	576000	0	115000	0	944000	137000	0	798000	1755000	82000	180000	78000	0	140000	600000	948000	337000	257000	237000	208000	0	0	145000	162000	156000	299000	217000	405000	385000	265000	186000	65000
TAX_310	0	2751000	0	3235000	0	935000	0	741000	0	2462000	333000	0	2896000	2123000	364000	266000	92000	55000	151000	582000	923000	678000	526000	521000	461000	181000	220000	225000	288000	256000	316000	254000	759000	727000	626000	408000	128000
TAX_311	0	0	0	0	0	0	0	0	0	72000	0	0	87000	0	0	0	0	0	0	0	0	0	0	0	0	0	0	0	0	0	0	0	0	0	0	0	0
TAX_312	0	53000	0	77000	0	0	0	109000	0	114000	0	0	203000	100000	0	0	0	0	0	0	0	0	0	0	0	0	0	0	0	0	0	0	0	0	0	0	0
TAX_313	0	0	0	68000	0	0	0	0	0	54000	0	0	388000	0	0	0	0	0	0	0	0	0	0	0	0	0	0	0	0	0	0	0	0	0	0	0	0
TAX_314	0	0	0	0	0	0	0	0	0	0	0	0	65000	0	0	0	0	0	0	0	0	0	0	0	0	0	0	0	0	0	0	0	0	0	0	0	0
TAX_315	0	1171000	0	54000	0	0	0	72000	0	85000	0	0	962000	389000	0	0	0	0	0	200000	136000	0	0	0	0	0	0	0	62000	0	0	0	0	0	69000	0	0
TAX_316	0	0	0	91000	0	0	0	0	0	132000	0	0	0	0	0	0	0	0	0	0	0	0	0	0	0	0	0	0	0	0	0	0	0	0	0	0	0
TAX_317	0	57000	0	0	0	0	0	0	0	0	0	0	0	0	0	0	0	0	0	0	0	0	0	0	0	0	0	57000	58000	0	0	100000	0	0	127000	88000	0
TAX_318	0	67000	0	0	0	0	0	51000	0	0	0	0	0	51000	0	0	0	0	0	0	0	0	0	0	0	0	0	0	0	0	0	0	0	0	0	0	52000
TAX_319	0	188000	0	0	0	0	0	68000	0	0	0	0	0	81000	0	0	0	0	0	60000	0	0	0	0	0	0	0	0	0	62000	0	57000	101000	0	0	0	684000
TAX_320	0	98000	0	102000	0	0	0	0	0	0	0	0	0	0	0	0	0	0	0	0	0	62000	0	0	0	0	0	0	0	0	0	0	0	0	62000	0	0
TAX_321	0	0	0	384000	0	0	0	713000	0	140000	0	0	0	0	0	0	0	0	0	0	0	289000	212000	241000	152000	0	0	0	0	0	0	0	583000	382000	0	0	475000
TAX_322	0	0	0	64000	0	0	0	112000	0	0	0	0	0	0	0	0	0	0	0	0	0	0	0	0	0	0	0	0	0	0	0	0	0	50000	0	0	100000
TAX_323	0	75000	0	136000	0	0	0	1032000	0	0	0	0	0	56000	0	0	0	0	0	0	0	75000	0	0	0	95000	114000	0	0	0	0	0	171000	147000	0	0	768000
TAX_324	0	143000	0	122000	0	0	0	501000	0	0	0	0	57000	193000	0	0	0	0	0	0	0	0	0	0	0	0	0	0	0	0	0	0	0	0	0	0	198000
TAX_325	0	0	0	0	0	0	0	78000	0	0	0	0	0	0	0	0	0	0	0	0	0	0	0	0	0	0	0	0	0	0	0	0	76000	0	0	0	188000
TAX_326	0	76000	0	58000	0	0	0	50000	0	0	0	0	0	149000	0	0	0	0	0	0	0	0	0	0	0	0	0	0	0	0	0	0	55000	0	0	0	122000
TAX_327	0	0	0	0	0	0	0	110000	0	0	0	0	0	0	0	0	0	0	0	0	0	0	0	0	0	0	0	0	0	0	0	0	0	0	0	0	0
TAX_328	0	2101000	0	374000	0	0	1052000	91000	0	78000	0	0	81000	227000	1360000	1743000	1064000	281000	760000	1442000	376000	1342000	1155000	1628000	1369000	498000	493000	1587000	1410000	1335000	587000	1969000	2682000	1742000	1650000	1609000	2835000
TAX_329	0	154000	0	0	0	0	126000	0	0	0	0	0	0	0	61000	0	0	0	0	66000	0	0	0	0	0	0	0	0	0	0	0	0	86000	0	0	0	467000
TAX_330	0	172000	0	0	0	0	59000	0	0	0	0	0	0	0	146000	145000	0	0	0	0	0	72000	57000	106000	51000	70000	81000	0	0	143000	74000	51000	425000	170000	0	62000	765000
TAX_331	0	1013000	0	110000	0	0	513000	0	0	0	0	0	59000	79000	720000	1099000	603000	213000	394000	585000	105000	709000	548000	774000	595000	274000	233000	587000	537000	684000	307000	827000	1655000	991000	763000	709000	1641000
TAX_332	0	88000	0	0	0	0	102000	0	0	0	0	0	0	0	63000	59000	0	0	0	87000	0	0	0	0	0	0	0	0	0	66000	0	0	153000	68000	54000	0	232000
TAX_333	0	1694000	0	0	0	0	200000	0	0	0	0	0	0	83000	926000	789000	390000	257000	403000	1498000	1615000	877000	600000	653000	370000	474000	482000	220000	174000	1093000	1302000	229000	1034000	730000	262000	189000	1418000
TAX_334	0	72000	0	0	0	0	0	82000	0	76000	0	0	79000	71000	0	0	0	0	0	0	0	0	0	0	0	0	0	0	0	0	0	0	0	0	0	0	57000
TAX_335	0	190000	0	0	0	0	71000	0	0	0	0	0	0	0	199000	138000	63000	162000	84000	176000	275000	120000	69000	56000	0	226000	303000	0	0	445000	954000	0	166000	158000	0	0	413000
TAX_336	0	1047000	0	0	0	0	0	0	0	0	0	0	0	0	633000	108000	57000	0	97000	963000	992000	209000	164000	250000	142000	0	0	545000	475000	483000	616000	201000	150000	94000	589000	469000	273000
TAX_337	0	0	0	0	0	0	0	0	0	0	0	0	50000	0	0	0	0	0	0	0	0	0	0	0	0	0	0	0	0	0	0	0	0	0	0	0	0
TAX_338	0	133000	0	0	0	0	0	0	0	0	0	0	0	0	80000	112000	58000	0	65000	94000	139000	112000	81000	69000	0	0	51000	151000	110000	178000	277000	190000	121000	91000	194000	133000	220000
TAX_339	0	1009000	0	1015000	0	70000	0	609000	0	537000	0	0	364000	1776000	259000	317000	190000	0	315000	196000	263000	581000	347000	404000	345000	0	0	616000	651000	252000	338000	1061000	760000	622000	1109000	821000	167000
TAX_340	0	0	0	0	0	0	0	58000	0	0	0	0	0	0	0	0	0	0	0	0	0	0	0	0	0	0	0	0	0	0	0	0	0	0	0	0	0
TAX_341	0	3063000	0	1733000	0	751000	0	1968000	0	653000	258000	0	1869000	2947000	1590000	951000	453000	76000	751000	2060000	2222000	1290000	1035000	1194000	1177000	88000	111000	1694000	1598000	1333000	1450000	1408000	1557000	1344000	1934000	1652000	727000
TAX_342	0	789000	0	0	0	0	0	0	0	0	0	0	0	59000	570000	409000	230000	0	387000	709000	936000	602000	475000	456000	289000	0	52000	306000	291000	412000	670000	202000	645000	502000	341000	320000	208000
TAX_343	0	202000	0	0	0	0	0	533000	0	0	0	0	61000	719000	88000	0	0	0	0	0	95000	0	0	0	0	128000	156000	0	0	195000	228000	0	0	0	0	0	257000
TAX_344	0	1685000	0	591000	0	101000	145000	2352000	0	66000	0	0	1862000	2387000	428000	147000	53000	84000	58000	379000	656000	200000	145000	130000	123000	763000	894000	56000	68000	730000	973000	88000	371000	371000	98000	90000	1042000
TAX_345	0	126000	0	0	0	0	0	0	0	0	0	0	0	0	79000	56000	0	0	73000	89000	145000	61000	0	0	0	0	0	0	0	0	0	0	87000	67000	0	0	0
TAX_346	0	64000	0	0	0	0	0	190000	0	0	0	0	0	196000	0	0	0	0	0	0	0	0	0	0	0	0	0	0	0	0	51000	0	0	0	0	0	98000
TAX_347	0	69000	0	0	0	0	0	0	0	0	0	0	0	68000	0	0	0	0	0	0	0	0	0	0	0	0	0	0	0	0	0	0	0	0	0	0	0
TAX_348	0	102000	0	0	0	0	0	177000	0	0	0	0	217000	194000	0	0	0	0	0	0	0	0	0	0	0	0	0	0	0	0	0	0	0	0	0	0	50000
TAX_349	0	0	0	0	0	0	0	0	0	0	0	0	5102000	0	0	0	0	0	0	0	0	0	0	0	0	0	0	0	0	0	0	0	0	0	0	0	0
TAX_350	0	0	0	0	0	0	0	0	0	0	0	0	572000	0	0	0	0	0	0	0	0	0	0	0	0	0	0	0	0	0	0	0	0	0	0	0	0
TAX_351	0	0	0	0	0	0	0	0	0	0	0	0	701000	0	0	0	0	0	0	0	0	0	0	0	0	0	0	0	0	0	0	0	0	0	0	0	0
TAX_352	0	0	0	0	0	0	0	0	0	0	0	0	53000	0	0	0	0	0	0	0	0	0	0	0	0	0	0	0	0	0	0	0	0	0	0	0	0
TAX_353	0	122000	0	59000	0	0	0	114000	0	53000	0	0	401000	238000	0	0	0	0	0	0	0	0	0	0	0	0	0	0	0	0	0	0	0	0	0	0	0
TAX_354	0	0	0	0	0	0	0	0	0	0	0	0	58000	0	0	0	0	0	0	0	0	0	0	0	0	0	0	0	0	0	0	0	0	0	0	0	0
TAX_355	0	0	0	0	0	0	0	0	0	0	0	0	1580000	0	0	0	0	0	0	0	0	0	0	0	0	0	0	0	0	0	0	0	0	0	0	0	0
TAX_356	0	0	0	0	0	0	0	0	0	0	0	0	53000	0	0	0	0	0	0	0	0	0	0	0	0	0	0	0	0	0	0	0	0	0	0	0	0
TAX_357	0	635000	0	0	0	0	0	0	0	0	0	0	0	0	0	433000	212000	0	479000	572000	659000	170000	112000	77000	55000	0	0	0	0	0	0	0	575000	434000	0	0	0
TAX_358	0	1151000	0	0	0	0	0	0	0	0	0	0	0	62000	571000	274000	140000	0	290000	1275000	1327000	517000	352000	375000	249000	0	0	729000	638000	543000	830000	358000	470000	315000	771000	632000	74000
TAX_359	0	382000	0	0	0	0	179000	53000	0	0	0	0	0	208000	543000	104000	0	198000	0	203000	122000	52000	0	63000	0	227000	219000	0	0	1065000	749000	0	286000	111000	0	0	1408000
TAX_360	0	1767000	0	231000	0	0	57000	57000	0	56000	0	0	61000	107000	1660000	1280000	874000	93000	1095000	1669000	1293000	1439000	1303000	1408000	1161000	101000	92000	1292000	1190000	753000	695000	1286000	1597000	1311000	1346000	1260000	949000
TAX_361	0	137000	0	0	0	0	0	0	0	0	0	0	0	0	86000	0	0	0	0	125000	143000	0	0	0	0	0	0	0	0	76000	83000	0	0	0	0	0	65000
TAX_362	0	428000	0	0	0	0	0	0	0	0	0	0	0	0	266000	164000	68000	0	115000	385000	221000	220000	177000	169000	99000	0	0	91000	97000	74000	71000	99000	260000	174000	124000	104000	78000
TAX_363	0	214000	0	0	0	0	0	0	0	0	0	0	0	0	207000	257000	117000	0	160000	188000	146000	329000	274000	320000	246000	0	0	150000	145000	72000	62000	188000	406000	282000	151000	152000	122000
TAX_364	0	94000	0	0	0	0	0	0	0	0	0	0	0	0	0	0	0	0	0	0	0	0	0	0	0	0	0	58000	0	74000	0	91000	0	0	74000	73000	116000
TAX_365	0	1370000	0	0	0	0	0	0	0	0	0	0	0	68000	839000	233000	121000	93000	597000	966000	1414000	80000	78000	167000	89000	0	0	741000	716000	729000	1198000	164000	50000	0	1077000	852000	64000
TAX_366	0	404000	0	0	0	0	96000	0	0	0	0	0	0	80000	291000	235000	92000	368000	128000	235000	144000	80000	56000	62000	0	97000	103000	85000	60000	491000	368000	89000	260000	135000	194000	135000	1087000
TAX_367	0	693000	0	0	0	0	0	0	0	0	0	0	0	0	501000	291000	116000	69000	73000	562000	452000	469000	344000	303000	139000	68000	64000	0	0	332000	307000	0	715000	415000	0	0	490000
TAX_368	0	164000	0	0	0	0	56000	0	0	0	0	0	53000	0	67000	78000	0	0	0	68000	0	0	0	0	0	0	0	0	0	110000	0	55000	167000	0	0	58000	197000
TAX_369	0	121000	0	0	0	0	0	0	0	0	0	0	0	0	0	0	0	0	0	0	0	0	0	0	0	0	0	0	0	54000	0	0	100000	0	0	0	190000
TAX_370	0	639000	0	0	0	0	457000	56000	0	0	0	0	0	185000	312000	122000	58000	151000	0	186000	0	0	0	57000	0	90000	100000	0	0	504000	134000	67000	401000	113000	59000	0	1011000
TAX_371	0	325000	0	0	0	0	139000	0	0	0	0	0	0	70000	149000	218000	100000	117000	70000	151000	0	72000	50000	116000	70000	54000	0	91000	68000	208000	68000	180000	377000	162000	126000	119000	409000
TAX_372	0	66000	0	0	0	0	66000	0	0	0	0	0	0	0	0	0	0	0	0	0	0	0	0	0	0	0	0	0	0	0	0	0	150000	0	0	0	140000
TAX_373	0	344000	0	0	0	0	313000	70000	0	0	0	0	0	50000	146000	102000	0	0	0	118000	0	0	0	0	0	0	51000	0	0	133000	0	51000	359000	99000	0	0	471000
TAX_374	0	944000	0	148000	0	0	261000	160000	0	0	0	0	67000	275000	495000	620000	458000	242000	464000	660000	115000	301000	273000	467000	410000	0	0	620000	577000	379000	137000	845000	879000	521000	561000	717000	731000
TAX_375	0	86000	0	0	0	0	0	0	0	0	0	0	0	0	0	0	0	0	0	0	0	0	0	0	0	0	0	0	0	0	0	76000	0	0	0	66000	80000
TAX_376	0	0	0	0	0	0	75000	0	0	0	0	0	0	0	76000	0	0	0	0	0	0	0	0	0	0	0	0	0	0	60000	0	0	83000	0	0	0	498000
TAX_377	0	112000	0	0	0	0	0	0	0	0	0	0	0	0	0	0	0	0	0	104000	85000	0	0	0	0	0	0	0	0	0	0	0	0	0	0	0	0
TAX_378	0	199000	0	0	0	0	139000	65000	0	0	0	0	0	0	97000	69000	0	0	0	108000	0	0	0	0	0	60000	0	0	0	173000	62000	0	229000	78000	0	0	691000
TAX_379	0	98000	0	0	0	0	59000	0	0	0	0	0	0	54000	0	0	0	0	0	0	0	0	0	0	0	0	57000	0	0	70000	0	0	80000	0	0	0	314000
TAX_380	0	567000	0	0	0	0	797000	0	0	0	0	0	0	0	534000	373000	92000	0	0	261000	92000	412000	236000	207000	128000	818000	841000	0	0	266000	209000	129000	1405000	652000	0	0	2580000
TAX_381	0	119000	0	0	0	0	241000	0	0	0	0	0	0	0	99000	0	0	0	0	0	0	0	0	0	0	141000	142000	0	0	53000	0	0	111000	0	0	0	284000
TAX_382	0	56000	0	62000	0	0	0	0	0	0	0	0	0	0	113000	0	0	0	0	0	0	53000	0	88000	55000	0	0	0	0	0	0	0	0	0	0	0	0
TAX_383	0	105000	0	0	0	0	0	0	0	0	0	0	0	0	50000	0	0	56000	0	81000	99000	0	0	0	0	106000	102000	0	0	296000	361000	0	79000	0	64000	54000	138000
TAX_384	0	56000	0	0	0	0	0	0	0	0	0	0	0	79000	0	97000	0	0	0	0	0	0	0	0	0	0	0	95000	86000	324000	219000	54000	53000	0	110000	78000	58000
TAX_385	0	0	0	0	0	0	57000	0	0	0	0	0	0	0	0	0	0	0	0	0	0	0	0	0	0	0	0	0	0	0	0	0	0	0	0	0	399000
TAX_386	0	0	0	0	0	0	0	119000	0	0	0	0	0	0	0	0	0	0	0	0	0	0	0	0	0	0	0	0	0	0	0	0	0	0	0	0	0
TAX_387	0	0	0	0	0	0	0	329000	0	0	0	0	0	0	0	0	0	0	0	0	0	0	0	0	0	0	0	0	0	0	0	0	0	0	0	0	0
TAX_388	0	0	0	82000	0	0	0	0	0	0	0	0	0	0	0	0	0	0	0	0	0	0	0	0	0	0	0	0	0	0	0	0	0	0	0	0	0
TAX_389	0	88000	0	60000	0	0	0	804000	0	0	0	0	0	125000	0	0	0	0	0	0	0	0	0	0	0	0	0	0	0	0	0	0	0	0	0	0	125000
TAX_390	0	0	0	496000	0	0	0	281000	0	266000	0	0	0	0	0	0	0	0	0	0	0	55000	0	54000	0	0	0	0	0	0	0	0	93000	66000	0	0	0
TAX_391	0	877000	0	878000	0	0	0	1004000	0	349000	159000	0	454000	1102000	183000	234000	108000	53000	90000	140000	154000	203000	130000	139000	117000	0	0	450000	452000	601000	567000	281000	390000	278000	737000	528000	363000
TAX_392	0	943000	0	1037000	0	189000	61000	1527000	0	569000	100000	0	506000	1775000	271000	188000	73000	82000	58000	124000	166000	108000	88000	87000	84000	85000	121000	183000	196000	630000	720000	102000	325000	216000	482000	357000	510000
TAX_393	0	2446000	0	3155000	0	122000	173000	3804000	0	1192000	219000	0	2359000	3901000	563000	504000	215000	349000	147000	282000	300000	529000	369000	354000	321000	228000	253000	304000	283000	1294000	1147000	169000	1481000	989000	590000	420000	1678000
TAX_394	0	268000	0	677000	0	0	0	928000	0	140000	0	0	206000	1704000	56000	63000	0	0	0	0	0	71000	0	0	0	0	0	0	0	87000	145000	0	172000	121000	85000	54000	153000
TAX_395	0	391000	0	411000	0	87000	0	650000	0	191000	52000	0	178000	818000	97000	0	0	0	0	0	56000	0	0	0	0	0	0	66000	79000	218000	233000	0	95000	80000	175000	111000	173000
TAX_396	0	0	0	0	0	0	0	76000	0	0	0	0	0	321000	0	0	0	0	0	0	0	0	0	0	0	0	0	0	0	0	0	0	0	0	0	0	0
TAX_397	0	0	0	0	0	0	0	321000	0	0	0	0	0	225000	0	0	0	0	0	0	0	0	0	0	0	0	0	0	0	0	0	0	0	0	0	0	0
TAX_398	0	0	0	0	0	0	0	349000	0	0	0	0	0	67000	0	0	0	0	0	0	0	0	0	0	0	0	0	0	0	0	0	0	0	0	0	0	77000
TAX_399	0	0	0	0	0	0	0	151000	0	0	0	0	0	0	0	0	0	0	0	0	0	0	0	0	0	0	0	0	0	0	0	0	0	0	0	0	0
TAX_400	0	0	0	0	0	0	0	126000	0	0	0	0	0	0	0	0	0	0	0	0	0	0	0	0	0	0	0	0	0	0	0	0	0	0	0	0	0
TAX_401	0	0	0	65000	0	0	0	0	0	0	0	0	0	0	0	0	0	0	0	0	0	0	0	0	0	0	0	0	0	0	0	0	0	0	0	0	0
TAX_402	0	0	0	56000	0	0	0	1698000	0	0	0	0	0	0	0	0	0	0	0	0	0	0	0	0	0	0	0	0	0	0	0	0	51000	0	0	0	257000
TAX_403	0	0	0	0	0	0	0	73000	0	0	0	0	0	0	0	0	0	0	0	0	0	0	0	0	0	0	0	0	0	0	0	0	0	0	0	0	0
TAX_404	0	0	0	134000	0	0	0	591000	0	51000	0	0	0	0	0	0	0	0	0	0	0	0	0	0	0	0	0	0	0	0	0	0	92000	50000	0	0	114000
TAX_405	26000	7887000	0	2001000	350000	475000	4589000	3392000	42000	1392000	348000	45000	2995000	3799000	3269000	2349000	1218000	861000	940000	3115000	2036000	1833000	1260000	1662000	1327000	2445000	2747000	2016000	1725000	3121000	3068000	2146000	4487000	2960000	2143000	2094000	7298000
TAX_406	0	0	0	0	0	0	0	0	0	0	0	0	0	0	0	0	0	0	0	0	0	0	0	0	0	152000	166000	0	0	64000	118000	0	0	0	0	0	0
TAX_407	0	0	0	0	0	0	0	0	0	0	0	0	0	0	0	0	0	0	0	0	0	0	0	0	0	52000	57000	0	0	0	0	0	0	0	0	0	0
TAX_408	0	0	0	0	0	0	0	0	0	0	0	0	0	0	0	0	0	0	0	0	54000	0	0	0	0	0	55000	0	0	0	63000	0	62000	0	0	0	0
TAX_409	0	0	0	0	0	0	0	0	0	0	0	0	0	0	0	0	0	0	0	0	0	0	0	0	0	73000	89000	0	0	0	73000	0	0	0	0	0	0
TAX_410	0	0	0	0	0	0	0	0	0	0	0	0	0	0	0	0	0	0	0	0	0	0	0	0	0	93000	119000	0	0	0	0	0	0	0	0	0	0
TAX_411	0	0	0	0	0	0	0	0	0	0	0	0	0	0	0	0	0	0	0	0	0	0	0	0	0	0	0	0	0	0	0	0	60000	0	0	0	491000
TAX_412	0	0	0	0	0	0	0	0	0	0	0	0	0	0	0	0	0	0	0	0	0	0	0	0	0	72000	95000	0	0	0	0	0	0	0	0	0	368000
TAX_413	0	0	0	0	0	0	0	0	0	0	0	0	0	0	0	0	0	0	0	0	0	0	0	0	0	0	0	0	0	69000	0	0	0	0	0	0	113000
TAX_414	0	0	0	0	0	0	0	0	0	0	0	0	0	0	0	0	0	0	0	0	0	0	0	0	0	55000	65000	0	0	0	0	0	0	0	0	0	67000
TAX_415	0	0	0	0	0	0	0	0	0	0	0	0	0	0	0	0	0	0	0	0	0	0	0	0	0	130000	145000	0	0	0	0	0	0	0	0	0	0
TAX_416	0	0	0	0	0	0	0	0	0	0	0	0	0	0	0	0	0	0	0	0	0	0	0	0	0	0	0	0	0	0	0	0	0	0	0	0	55000
TAX_417	0	0	0	0	0	0	0	0	0	0	0	0	0	0	0	0	0	0	0	0	0	0	0	0	0	52000	0	0	0	0	0	0	0	0	0	0	198000
TAX_418	0	0	0	0	0	0	0	0	0	0	0	0	0	0	0	0	0	0	0	0	0	0	0	0	0	0	0	0	0	0	0	0	0	0	0	0	101000
TAX_419	0	0	0	0	0	0	0	0	0	0	0	0	0	0	0	0	0	0	0	0	0	0	0	0	0	0	53000	0	0	0	0	0	0	0	0	0	0
TAX_420	0	0	0	0	0	0	0	0	0	0	0	0	0	0	51000	0	0	0	0	0	0	0	0	0	0	67000	65000	0	0	54000	74000	0	0	0	0	0	118000
TAX_421	0	0	0	0	0	0	0	0	0	0	0	0	0	0	0	0	0	0	0	0	0	0	0	0	0	0	0	0	0	0	0	0	0	0	0	0	56000
TAX_422	0	0	0	0	0	0	0	0	0	0	0	0	0	0	0	0	0	0	0	0	0	0	0	0	0	0	69000	0	0	0	0	0	0	0	0	0	151000
TAX_423	0	0	0	0	0	0	0	0	0	0	0	0	0	0	0	0	0	0	0	0	0	0	0	0	0	101000	106000	0	0	0	0	0	0	0	0	0	57000
TAX_424	0	0	0	0	0	0	0	0	0	0	0	0	0	0	0	0	0	0	0	0	0	0	0	0	0	0	0	0	0	0	0	0	0	0	0	0	141000
TAX_425	0	0	0	0	0	0	0	0	0	0	0	0	0	0	0	0	0	0	0	0	0	0	0	0	0	0	0	0	0	0	0	0	0	0	0	0	53000
TAX_426	0	0	0	0	0	0	0	0	0	0	0	0	0	0	0	0	0	0	0	0	0	0	0	0	0	0	0	0	0	0	0	0	0	0	0	0	156000
TAX_427	0	0	0	0	0	0	0	0	0	0	0	0	0	0	0	0	0	0	0	0	0	0	0	70000	57000	0	0	0	0	0	0	0	246000	0	0	0	0
TAX_428	0	0	0	0	0	0	0	0	0	0	0	0	0	0	0	0	0	0	0	0	0	0	0	0	0	0	0	0	0	0	0	0	94000	0	0	0	0
TAX_429	0	0	0	0	0	0	0	0	0	0	0	0	0	0	0	0	0	0	0	0	0	0	0	0	0	0	0	0	0	0	0	0	55000	0	0	0	70000
TAX_430	0	0	0	0	0	0	0	0	0	0	0	0	0	0	0	0	0	0	0	0	0	0	0	0	0	0	0	0	0	0	0	0	0	0	0	0	58000
TAX_431	0	0	0	0	0	0	0	0	0	0	0	0	0	0	0	0	0	0	0	0	0	0	0	0	0	0	0	0	0	0	0	90000	0	0	0	0	0
TAX_432	0	0	0	0	0	0	0	0	0	0	0	0	0	0	0	0	0	0	0	0	0	0	0	0	0	0	0	0	0	0	0	0	0	0	0	0	68000
TAX_433	0	0	0	0	0	0	0	0	0	0	0	0	0	0	0	0	0	0	0	0	0	0	0	0	0	0	0	0	0	0	0	0	58000	0	0	0	103000
TAX_434	0	0	0	0	0	0	0	0	0	0	0	0	0	0	0	0	0	0	0	0	0	62000	0	61000	53000	0	0	0	0	0	0	0	58000	59000	0	0	0
TAX_435	0	0	0	0	0	0	0	0	0	0	0	0	0	0	0	0	0	0	0	0	0	0	0	0	0	0	0	0	0	0	0	0	0	0	0	0	53000
TAX_436	0	0	0	0	0	0	0	0	0	0	0	0	0	0	0	0	0	0	0	0	0	0	0	0	0	0	0	0	0	0	0	255000	0	0	0	62000	0
TAX_437	0	0	0	0	0	0	0	0	0	0	0	0	0	0	0	0	0	0	0	0	0	0	0	0	0	0	0	0	0	0	0	0	0	0	0	0	66000
TAX_438	0	0	0	0	0	0	0	0	0	0	0	0	0	0	0	0	0	0	0	0	0	0	0	0	0	0	0	0	0	0	0	71000	0	0	0	0	0
TAX_439	0	0	0	0	0	0	0	0	0	0	0	0	0	0	0	0	0	0	0	0	0	0	0	0	0	0	0	0	0	0	0	0	0	0	70000	0	0
TAX_440	0	0	0	0	0	0	0	0	0	0	0	0	0	0	0	0	0	0	0	0	0	0	0	0	0	0	0	0	0	0	0	0	61000	0	0	0	0
TAX_441	0	0	0	0	0	0	0	0	0	0	0	0	0	0	0	0	0	0	0	0	0	0	0	0	0	0	0	0	0	58000	144000	0	0	0	0	0	0
TAX_442	0	0	0	0	0	0	0	0	0	0	0	0	0	0	0	0	0	0	0	0	0	64000	0	56000	0	0	0	0	0	0	0	0	194000	64000	0	0	493000
TAX_443	0	0	0	0	0	0	0	0	0	0	0	0	0	0	0	0	0	0	0	0	0	0	0	0	0	0	0	0	0	0	0	0	0	0	0	0	58000
TAX_444	0	0	0	0	0	0	0	0	0	0	0	0	0	0	0	0	0	0	0	0	0	0	0	0	0	0	0	0	0	0	0	0	0	0	0	0	56000
TAX_445	0	0	0	0	0	0	0	0	0	0	0	0	0	0	0	0	0	0	0	0	0	0	0	0	0	0	0	0	0	0	0	0	0	0	0	0	137000
TAX_446	0	0	0	0	0	0	0	0	0	0	0	0	0	0	0	0	0	0	0	0	0	0	0	0	0	0	0	0	0	0	0	0	0	0	0	0	235000
TAX_447	0	0	0	0	0	0	0	0	0	0	0	0	0	0	0	0	0	0	0	0	0	0	0	0	0	0	0	0	0	0	0	0	0	0	0	0	155000
TAX_448	0	0	0	0	0	0	0	0	0	0	0	0	0	0	0	0	0	0	0	0	0	0	0	0	0	0	0	0	0	0	0	0	0	0	0	0	74000
TAX_449	0	0	0	0	0	0	0	0	0	0	0	0	0	0	0	0	0	0	0	0	0	0	0	0	0	0	0	0	0	0	0	0	0	0	0	0	50000
TAX_450	0	0	0	0	0	0	0	0	0	0	0	0	0	0	0	0	0	0	0	0	0	0	0	0	0	0	0	0	0	0	0	0	0	0	0	0	153000
TAX_451	0	0	0	0	0	0	0	0	0	0	0	0	0	0	0	0	0	0	0	0	66000	0	0	0	0	90000	142000	0	0	59000	151000	0	0	0	0	0	138000
TAX_452	0	0	0	0	0	0	0	0	0	0	0	0	0	0	0	0	0	0	0	0	0	0	0	0	0	0	0	0	0	0	0	0	0	0	0	0	60000
TAX_453	0	0	0	0	0	0	0	0	0	0	0	0	0	0	0	0	0	0	0	0	0	0	0	0	0	0	0	0	0	0	0	0	0	0	0	0	52000
TAX_454	0	0	0	0	0	0	0	0	0	0	0	0	0	0	0	0	0	0	0	0	0	0	0	0	0	0	0	0	0	0	0	0	0	0	0	0	84000
TAX_455	0	0	0	0	0	0	0	0	0	0	0	0	0	0	0	0	0	0	0	0	0	0	0	0	0	0	0	0	0	0	0	0	147000	0	0	0	95000
TAX_456	0	0	0	0	0	0	0	0	0	0	0	0	0	0	0	0	0	0	0	0	0	0	0	0	0	0	0	0	0	0	0	0	0	0	0	0	57000
TAX_457	0	0	0	0	0	0	0	0	0	0	0	0	0	0	0	0	0	0	0	0	0	0	0	0	0	0	0	0	0	0	0	0	0	0	0	0	140000
TAX_458	0	0	0	0	0	0	0	0	0	0	0	0	0	0	0	0	0	0	0	0	0	0	0	0	0	0	0	0	0	0	0	0	0	0	0	0	159000
TAX_459	0	0	0	0	0	0	0	0	0	0	0	0	0	0	0	0	0	0	0	0	0	0	0	0	0	0	0	0	0	0	0	0	74000	0	0	0	50000
TAX_460	0	0	0	0	0	0	0	0	0	0	0	0	0	0	0	0	0	0	0	0	0	0	0	0	0	0	0	0	0	0	0	0	0	0	0	0	54000
TAX_461	0	0	0	0	0	0	0	0	0	0	0	0	0	0	0	0	0	0	0	0	0	0	0	0	0	0	0	0	0	0	0	0	0	0	0	0	62000
TAX_462	0	0	0	0	0	0	0	0	0	0	0	0	0	0	0	0	0	0	0	0	0	0	0	0	0	0	64000	0	0	67000	122000	0	0	0	0	0	173000
TAX_463	0	0	0	0	0	0	0	0	0	0	0	0	0	0	0	0	0	0	0	0	0	0	0	0	0	0	0	0	0	0	0	0	0	0	0	0	58000
TAX_464	0	0	0	0	0	0	0	0	0	0	0	0	0	0	0	0	0	0	0	0	0	0	0	0	0	0	0	0	0	0	0	78000	0	0	0	0	0
TAX_465	0	0	0	0	0	0	0	0	0	0	0	0	0	0	0	0	0	51000	0	0	0	0	0	0	0	0	0	0	0	0	54000	0	0	0	0	0	0
TAX_466	0	0	0	0	0	0	0	0	0	0	0	0	0	0	0	0	0	0	0	0	0	0	0	0	0	0	0	0	0	0	0	109000	0	0	0	0	0
TAX_467	0	0	0	0	0	0	0	0	0	0	0	0	0	0	0	0	0	0	0	0	0	0	0	0	0	0	0	0	0	0	0	107000	0	0	0	0	0
TAX_468	0	0	0	0	0	0	0	0	0	0	0	0	0	0	0	0	0	0	0	0	0	0	0	0	0	0	0	0	0	0	0	0	50000	0	0	0	53000
TAX_469	0	0	0	0	0	0	0	0	0	0	0	0	0	0	0	0	0	0	0	0	0	0	0	0	0	0	0	0	0	0	79000	0	0	0	0	0	0
TAX_470	0	0	0	0	0	0	0	0	0	0	0	0	0	0	0	0	0	0	0	0	0	0	0	0	0	0	0	0	0	0	0	0	0	0	0	0	73000
TAX_471	0	0	0	0	0	0	0	0	0	0	0	0	0	0	0	0	0	0	0	0	0	0	0	0	0	0	0	0	0	0	0	0	96000	0	0	0	0
TAX_472	0	0	0	0	0	0	0	0	0	0	0	0	0	0	0	0	0	0	0	0	0	0	0	0	0	0	0	0	0	0	0	0	0	0	0	0	55000
TAX_473	0	0	0	0	0	0	0	0	0	0	0	0	0	0	0	0	0	0	0	0	0	159000	117000	124000	80000	0	0	0	0	0	0	79000	166000	105000	0	0	84000
TAX_474	0	0	0	0	0	0	0	0	0	0	0	0	0	0	0	0	0	0	0	0	0	0	0	0	0	0	0	0	0	0	0	0	0	0	0	0	51000
TAX_475	0	0	0	0	0	0	0	0	0	0	0	0	0	0	0	0	0	0	0	0	0	0	0	0	0	0	0	0	0	0	0	0	70000	0	0	0	294000
TAX_476	0	0	0	0	0	0	0	0	0	0	0	0	0	0	0	0	0	0	0	0	0	0	0	0	0	0	0	0	0	0	0	52000	0	0	0	0	0
TAX_477	0	0	0	0	0	0	0	0	0	0	0	0	0	0	0	0	0	0	0	0	0	0	0	0	0	0	0	0	0	0	0	0	0	0	0	0	79000
TAX_478	0	0	0	0	0	0	0	0	0	0	0	0	0	0	0	75000	0	0	0	0	0	0	0	0	0	0	0	0	0	0	0	0	0	0	0	0	0
TAX_479	0	0	0	0	0	0	0	0	0	0	0	0	0	0	0	0	0	0	0	0	0	0	0	0	0	0	0	0	0	0	0	0	0	0	0	0	65000
TAX_480	0	0	0	0	0	0	0	0	0	0	0	0	0	0	0	0	0	0	0	0	0	0	0	0	0	0	0	0	0	0	0	0	0	0	0	0	109000
TAX_481	0	0	0	0	0	0	0	0	0	0	0	0	0	0	53000	0	0	0	0	0	0	0	0	0	0	0	0	0	0	81000	68000	0	0	0	0	0	553000
TAX_482	0	0	0	0	0	0	0	0	0	0	0	0	0	0	0	0	0	0	0	0	0	135000	86000	92000	67000	0	0	0	0	0	0	0	387000	278000	0	0	596000
TAX_483	0	0	0	0	0	0	0	0	0	0	0	0	0	0	0	0	0	0	0	0	0	0	0	0	0	0	0	0	0	0	0	0	55000	0	0	0	98000
TAX_484	0	0	0	0	0	0	0	0	0	0	0	0	0	0	0	0	0	0	0	0	0	0	0	0	0	0	0	0	0	0	0	0	50000	0	0	0	0
TAX_485	0	0	0	0	0	0	0	0	0	0	0	0	0	0	0	0	0	0	0	0	0	0	0	0	0	0	0	0	0	0	0	0	163000	81000	0	0	59000
TAX_486	0	0	0	0	0	0	0	0	0	0	0	0	0	0	0	0	0	0	0	0	0	0	0	0	0	0	0	0	0	0	0	0	0	0	0	0	74000
TAX_487	0	0	0	0	0	0	0	0	0	0	0	0	0	0	0	0	0	0	0	0	0	0	0	0	0	0	0	0	0	0	0	0	0	0	0	0	126000
TAX_488	0	0	0	0	0	0	0	0	0	0	0	0	0	0	0	0	0	0	0	0	0	0	0	0	0	0	0	0	0	0	0	0	0	0	0	0	126000
TAX_489	0	0	0	0	0	0	0	0	0	0	0	0	0	0	0	139000	0	0	0	0	0	0	0	0	0	0	0	0	0	0	0	0	126000	63000	0	0	0
TAX_490	0	0	0	0	0	0	0	0	0	0	0	0	0	0	0	0	0	0	0	0	0	0	0	0	0	0	0	0	0	0	0	60000	0	0	0	0	0
TAX_491	0	0	0	0	0	0	0	0	0	0	0	0	0	0	0	0	0	0	0	0	0	0	0	55000	0	0	0	0	0	0	0	0	181000	64000	0	0	227000
TAX_492	0	0	0	0	0	0	0	0	0	0	0	0	0	0	0	0	0	0	0	0	0	0	0	0	0	0	0	0	0	0	0	0	60000	0	0	0	83000
TAX_493	0	0	0	0	0	0	0	0	0	0	0	0	0	0	0	68000	0	0	0	0	0	172000	126000	204000	181000	0	0	0	0	0	0	115000	719000	314000	0	0	576000
TAX_494	0	0	0	0	0	0	0	0	0	0	0	0	0	0	0	0	0	0	0	0	0	60000	0	74000	0	0	0	0	0	0	0	81000	197000	62000	0	0	61000
TAX_495	0	0	0	0	0	0	0	0	0	0	0	0	0	0	0	0	0	0	0	0	0	0	0	0	0	0	0	0	0	0	0	0	0	0	0	0	63000
TAX_496	0	0	0	0	0	0	0	0	0	0	0	0	0	0	0	0	0	0	0	0	0	0	0	0	0	0	0	0	0	0	0	0	85000	0	0	0	112000
TAX_497	0	0	0	0	0	0	0	0	0	0	0	0	0	0	0	0	0	0	0	0	0	0	0	0	0	0	0	0	0	0	0	0	58000	0	0	0	0
TAX_498	0	0	0	0	0	0	0	0	0	0	0	0	0	0	0	0	0	0	0	0	0	0	0	0	0	0	0	0	0	0	0	0	100000	0	0	0	136000
TAX_499	0	0	0	0	0	0	0	0	0	0	0	0	0	0	0	0	0	0	0	0	0	0	0	0	0	0	0	0	0	0	97000	0	0	0	0	0	0
TAX_500	0	0	0	0	0	0	0	0	0	0	0	0	0	0	0	0	0	0	0	0	0	0	0	0	0	0	0	0	0	0	63000	0	0	0	0	0	0
TAX_501	0	0	0	0	0	0	0	0	0	0	0	0	0	0	0	0	0	0	0	0	0	0	0	0	0	0	0	0	0	139000	324000	0	0	0	0	0	0
TAX_502	0	0	0	0	0	0	0	0	0	0	0	0	0	0	0	0	0	0	0	0	0	0	0	0	0	0	0	0	0	0	73000	0	0	0	0	0	0
TAX_503	0	0	0	0	0	0	0	0	0	0	0	0	0	0	0	0	0	0	0	0	0	0	0	0	0	0	0	0	0	0	95000	0	0	0	0	0	0
TAX_504	0	0	0	0	0	0	0	0	0	0	0	0	0	0	0	0	0	0	0	0	0	143000	94000	89000	0	0	0	0	0	0	0	0	168000	112000	0	0	133000
TAX_505	0	0	0	0	0	0	0	0	0	0	0	0	0	0	0	79000	0	0	0	0	0	56000	0	0	0	0	0	0	0	0	82000	0	100000	55000	0	0	126000
TAX_506	0	0	0	0	0	0	0	0	0	0	0	0	0	0	0	0	0	0	0	0	0	91000	58000	65000	0	0	0	0	0	0	0	0	107000	62000	0	0	0
TAX_507	0	0	0	0	0	0	0	0	0	0	0	0	0	0	102000	0	0	0	0	0	0	0	0	0	0	0	0	0	0	0	0	0	148000	137000	0	0	0
TAX_508	0	0	0	0	0	0	0	0	0	0	0	0	0	0	0	0	0	0	0	0	0	0	0	0	0	0	0	0	0	0	0	0	194000	107000	0	0	697000
TAX_509	0	0	0	0	0	0	0	0	0	0	0	0	0	0	0	0	0	0	0	0	0	0	0	0	0	0	0	0	0	102000	79000	0	0	0	0	0	0
TAX_510	0	0	0	0	0	0	0	0	0	0	0	0	0	0	0	0	0	0	0	0	0	0	0	0	0	0	0	0	0	0	0	0	82000	62000	0	0	83000
TAX_511	0	0	0	0	0	0	0	0	0	0	0	0	0	0	0	0	0	0	0	0	0	0	0	0	0	0	0	0	0	0	0	0	50000	0	0	0	0
TAX_512	0	0	0	0	0	0	0	0	0	0	0	0	0	0	0	0	0	0	0	0	0	0	0	0	0	0	0	0	0	55000	0	0	0	0	0	0	0
TAX_513	0	0	0	0	0	0	0	0	0	0	0	0	0	0	0	0	0	0	0	0	0	0	0	0	0	0	0	0	0	54000	0	0	0	0	0	0	0
TAX_514	0	0	0	0	0	0	0	0	0	0	0	0	0	0	0	0	0	0	0	0	0	0	0	0	0	0	0	0	0	0	0	0	0	0	0	0	55000
TAX_515	0	0	0	0	0	0	0	0	0	0	0	0	0	0	0	0	0	0	0	0	0	0	0	0	0	0	0	0	0	0	0	0	68000	0	0	0	51000
TAX_516	0	0	0	0	0	0	0	0	0	0	0	0	0	0	0	0	0	0	0	0	0	0	0	0	0	0	0	0	0	0	0	0	234000	54000	0	0	210000
TAX_517	0	0	0	0	0	0	0	0	0	0	0	0	0	0	0	0	0	0	0	0	0	0	0	0	0	0	0	0	0	0	0	0	0	0	0	0	67000
TAX_518	0	0	0	0	0	0	0	0	0	0	0	0	0	0	0	0	0	0	0	0	0	0	0	0	0	0	0	0	0	0	0	0	0	0	0	0	77000
TAX_519	0	0	0	0	0	0	0	0	0	0	0	0	0	0	0	0	0	0	0	0	0	0	0	0	0	0	0	0	0	0	0	0	0	0	0	0	68000
TAX_520	0	0	0	0	0	0	0	0	0	0	0	0	0	0	0	0	0	0	0	0	0	0	0	0	0	0	0	0	0	0	0	0	85000	0	0	0	168000
TAX_521	0	0	0	0	0	0	0	0	0	0	0	0	0	0	0	51000	0	0	0	0	0	102000	75000	73000	56000	0	0	0	0	0	0	0	329000	103000	0	0	605000
TAX_522	0	0	0	0	0	0	0	0	0	0	0	0	0	0	0	0	0	0	0	0	0	0	0	0	0	0	0	0	0	0	0	0	0	0	0	0	83000
TAX_523	0	0	0	0	0	0	0	0	0	0	0	0	0	0	0	0	0	0	0	0	0	0	0	0	0	0	0	0	0	73000	94000	0	0	0	0	0	247000
TAX_524	0	0	0	0	0	0	0	0	0	0	0	0	0	0	0	0	0	0	0	0	0	0	0	0	0	0	0	0	0	0	62000	0	0	0	64000	0	0
TAX_525	0	0	0	0	0	0	0	0	0	0	0	0	0	0	0	0	0	0	0	0	0	0	0	0	0	0	0	0	0	117000	126000	0	0	0	0	0	0
TAX_526	0	0	0	0	0	0	0	0	0	0	0	0	0	0	0	0	0	0	0	0	0	0	0	0	0	0	0	0	0	54000	88000	0	0	0	0	0	0
TAX_527	0	0	0	0	0	0	0	0	0	0	0	0	0	0	0	0	0	0	0	0	0	0	0	0	0	51000	0	0	0	0	0	0	0	0	0	0	524000
TAX_528	0	0	0	0	0	0	0	0	0	0	0	0	0	0	0	0	0	0	0	0	0	0	0	0	0	0	0	0	0	0	0	0	0	0	0	0	125000
TAX_529	0	0	0	0	0	0	0	0	0	0	0	0	0	0	0	88000	0	0	0	0	0	0	0	0	0	0	0	0	0	58000	93000	69000	75000	0	0	0	1324000
TAX_530	0	0	0	0	0	0	0	0	0	0	0	0	0	0	0	0	0	0	0	0	0	0	0	0	0	0	0	0	0	0	0	0	0	0	0	0	210000
TAX_531	0	0	0	0	0	0	0	0	0	0	0	0	0	0	0	0	0	0	0	0	0	55000	0	0	0	101000	133000	0	0	0	0	0	91000	92000	0	0	684000
TAX_532	0	0	0	0	0	0	0	0	0	0	0	0	0	0	0	0	0	0	0	0	0	0	0	0	0	0	0	0	0	0	0	0	0	0	0	0	85000
TAX_533	0	0	0	0	0	0	0	0	0	0	0	0	0	0	0	0	0	0	0	0	0	0	0	0	0	0	0	0	0	0	0	0	0	0	0	0	75000
TAX_534	0	0	0	0	0	0	0	0	0	0	0	0	0	0	0	0	0	0	0	0	0	0	0	0	0	0	0	0	0	0	0	0	0	0	0	0	105000
TAX_535	0	0	0	0	0	0	0	0	0	0	0	0	0	0	0	0	0	0	0	0	0	0	0	0	0	0	0	0	0	0	0	0	0	0	0	0	67000