,r1903c111_10m-3,r1903c117_50m-3,r1903c118_23m-3,r1903c119_11m-3,r1903c122_28m-3,r1903c123_10m-3,r1903c124_15m-3,r1903c126_45m-3,r1903c127_7m-3,r1903c129_26m-3,r1903c144_13m-3,rLas19c107_10m-3,rLas19c135_5m-3,rLas19c138_27m-3,ri1903c111_10m-1,ri1903c111_10m-2,ri1903c117_50m-1,ri1903c118_23m-2,ri1903c119_11m-2,ri1903c122_28m-1,ri1903c122_28m-2,ri1903c123_10m-2,ri1903c124_15m-1,ri1903c124_15m-2,ri1903c126_45m-1,ri1903c126_45m-2,ri1903c127_7m-2,ri1903c129_26m-1,ri1903c129_26m-2,ri1903c144_13m-2,riLas19c107_10m-2,riLas19c135_5m-1,riLas19c135_5m-2,riLas19c138_27m-1
TAX_1,0,0,0,0,0,0,0,0,0,0,0,0,0,0,0,0,0,0,0,0,0,0,61400,0,0,0,0,0,0,0,0,0,0,0
TAX_2,0,0,0,0,0,0,52600,0,0,0,0,0,0,0,0,0,0,0,0,0,0,0,0,0,0,0,0,0,0,0,0,0,0,80800
TAX_3,0,0,0,0,0,0,0,0,0,0,0,0,0,0,0,0,0,0,0,0,0,0,0,0,0,0,0,0,0,0,0,0,0,111800
TAX_4,0,194800,0,0,0,0,293000,0,0,0,0,0,0,0,216200,199800,89200,0,0,200200,134600,0,0,0,311000,311800,0,278000,232000,53000,95400,0,0,308600
TAX_5,0,588000,0,0,0,0,581000,0,0,0,0,0,0,209000,584400,587200,574000,288200,305400,588600,588000,566800,395400,425600,588200,589800,550400,585400,586400,497800,577400,511600,449800,579600
TAX_6,0,0,0,0,0,0,0,0,0,0,0,0,0,0,0,0,0,0,0,0,0,0,0,0,67600,81800,0,0,0,0,0,0,0,0
TAX_7,0,111000,0,0,0,0,221800,0,0,0,0,0,0,0,165800,167600,109000,0,0,111000,145000,79000,0,0,250400,247400,0,228800,250800,0,134200,0,0,194600
TAX_8,0,0,0,0,0,0,0,0,0,0,0,0,0,0,0,0,0,0,0,0,0,0,0,0,0,0,0,0,50000,0,0,0,0,0
TAX_9,0,144800,0,0,0,0,158600,0,0,0,0,0,0,0,127800,106000,0,0,0,126000,63400,0,0,0,123200,118000,0,146200,89400,0,0,0,0,162600
TAX_10,0,0,0,0,0,0,0,0,0,0,0,0,0,0,0,0,0,0,0,0,0,0,0,0,55400,60200,0,0,0,0,0,0,0,0
TAX_11,0,479200,0,0,0,0,452000,0,0,0,0,0,0,0,456000,431600,317800,82800,0,480400,295600,105400,0,0,401200,379200,0,413200,298600,0,221800,0,0,464200
TAX_12,0,434800,0,0,0,0,363200,0,0,0,0,0,0,0,399800,355200,376600,0,146400,436200,320400,168000,96800,98800,286200,269200,169000,320400,200400,0,275600,172000,142000,392600
TAX_13,0,158800,0,0,0,0,164200,0,0,0,0,0,0,0,138000,141200,0,0,0,140600,163400,0,0,0,214600,398600,0,123400,158600,0,0,0,0,157400
TAX_14,0,391800,0,0,0,0,340800,0,0,0,0,0,0,53800,371800,376800,391000,145600,127000,384800,394200,375600,165200,207000,383200,216600,247200,384600,400600,142800,394200,216200,153600,341800
TAX_15,0,50400,0,0,0,0,0,0,0,0,0,0,0,0,0,0,0,0,0,0,0,0,0,0,71200,0,0,54000,54000,0,0,0,0,0
TAX_16,0,0,0,0,0,0,56400,0,0,0,0,0,0,0,0,0,0,0,0,0,0,0,0,0,0,71400,0,0,0,0,0,0,0,0
TAX_17,0,213600,0,0,0,0,405000,0,0,0,0,0,0,67600,206400,198200,102000,0,0,207600,185400,58000,0,0,393200,388000,0,197600,172200,0,97800,0,0,209600
TAX_18,0,455000,0,0,0,0,149800,0,0,0,0,0,0,0,414200,406400,461200,135800,160800,445000,431400,405600,219600,236800,177000,186200,273000,448600,424000,203000,463000,254400,181800,413600
TAX_19,0,0,0,0,0,0,78800,0,0,0,0,0,0,0,0,54600,0,99800,0,0,0,0,0,0,278800,298200,0,106000,220600,0,0,0,0,0
TAX_20,0,0,0,0,0,0,0,0,0,0,0,0,0,0,0,0,0,0,0,0,0,0,0,0,53000,58600,0,0,0,0,0,0,0,0
TAX_21,0,0,0,0,0,0,100800,0,0,0,0,0,0,0,0,0,0,0,0,0,0,0,0,0,161000,165200,0,98200,144800,0,0,0,0,0
TAX_22,0,0,0,0,0,0,0,0,0,0,0,0,0,0,0,0,0,0,0,0,0,0,0,0,67000,75400,0,0,0,0,0,0,0,0
TAX_23,0,377400,0,0,0,0,331800,0,0,0,0,0,0,0,325200,325800,302800,51200,63400,364800,410000,296800,76800,109400,441400,446000,145800,353400,383400,111600,354200,113600,84200,284400
TAX_24,0,0,0,0,0,0,0,0,0,0,0,0,0,0,0,0,0,0,0,0,0,0,0,0,0,0,0,0,52000,0,0,0,0,0
TAX_25,0,0,0,0,0,0,130200,0,0,0,0,0,0,0,0,0,0,0,0,0,0,0,0,0,270400,286600,0,189800,245000,0,0,0,0,55400
TAX_26,0,0,0,0,0,0,0,0,0,0,0,0,0,0,0,0,0,0,0,0,0,0,0,0,0,0,0,0,0,0,0,0,0,145800
TAX_27,0,0,0,0,0,0,0,0,0,0,0,0,0,0,0,0,0,0,0,0,0,0,0,0,139200,159200,0,0,0,0,0,0,0,94000
TAX_28,0,0,0,0,0,0,0,0,0,0,0,0,0,0,0,60000,0,0,0,0,0,0,0,0,0,0,0,0,0,0,0,0,0,301800
TAX_29,0,0,0,0,0,0,0,0,0,0,0,0,0,0,0,0,0,0,0,0,0,0,0,0,0,0,0,0,0,0,0,0,0,115200
TAX_30,0,0,0,0,0,0,89600,0,0,0,0,0,0,0,82000,51800,0,0,0,53400,0,0,0,0,0,0,0,118200,0,0,0,0,0,189200
TAX_31,0,63400,0,0,0,0,0,0,0,0,0,0,0,0,0,0,0,0,0,0,0,0,0,0,0,0,0,0,0,0,0,0,0,0
TAX_32,0,0,0,0,0,0,0,0,0,0,0,0,0,0,0,0,0,0,0,0,0,0,0,0,0,0,0,0,0,0,0,0,0,76000
TAX_33,0,265400,0,0,0,0,315200,0,0,0,0,0,0,55200,269600,228000,141800,0,0,237800,66600,0,0,0,182800,177800,0,296800,170400,53800,112600,0,0,365400
TAX_34,0,0,0,0,0,0,0,0,0,0,0,0,0,0,0,0,0,0,0,0,0,0,0,0,0,59600,0,0,0,0,0,0,0,85600
TAX_35,0,59800,0,0,0,0,157800,0,0,0,0,0,0,0,58800,0,0,0,0,0,0,0,0,0,0,0,0,0,0,0,0,0,0,122800
TAX_36,0,0,0,0,0,0,0,0,0,0,0,0,0,0,0,0,0,0,0,0,0,0,0,0,59600,0,0,0,0,0,0,0,0,0
TAX_37,0,0,0,0,0,0,54800,0,0,0,0,0,0,0,0,0,0,0,0,0,0,0,0,0,0,0,0,0,0,0,0,0,0,0
TAX_38,0,102600,0,0,0,0,230000,0,0,0,0,0,0,0,105600,77200,0,0,0,70400,0,0,0,0,95800,91400,0,134200,51400,0,0,0,0,171000
TAX_39,0,0,0,0,0,0,65000,0,0,0,0,0,0,0,0,0,0,0,0,0,0,0,0,0,154600,163800,0,0,0,0,0,0,0,0
TAX_40,0,0,0,0,0,0,0,0,0,0,0,0,0,0,0,0,0,0,0,0,0,0,0,0,0,0,0,0,0,0,0,0,0,51000
TAX_41,0,0,0,0,0,0,0,0,0,0,0,0,0,0,0,0,0,0,0,0,0,0,0,0,51000,0,0,81400,91000,0,0,0,0,0
TAX_42,0,0,0,0,0,0,0,0,0,0,0,0,0,0,55200,65800,0,0,0,0,0,0,0,0,0,55000,0,0,0,0,0,0,0,102800
TAX_43,0,0,0,0,0,0,0,0,0,0,0,0,0,0,0,0,0,0,0,0,0,0,0,0,80000,95200,0,0,0,0,0,0,0,210400
TAX_44,0,0,0,0,0,0,0,0,0,0,0,0,0,0,0,0,0,0,0,0,0,0,0,0,64200,70200,0,0,0,0,0,0,0,62200
TAX_45,0,0,0,0,0,0,0,0,0,0,0,0,0,0,0,0,0,0,0,0,0,0,0,0,0,0,0,0,0,0,0,0,0,66600
TAX_46,0,51800,0,0,0,0,0,143800,0,0,0,0,0,0,0,0,0,0,0,0,0,0,0,0,0,0,0,0,0,0,54400,0,0,163200
TAX_47,0,0,0,0,0,0,0,57400,0,0,0,0,0,0,0,0,0,0,0,0,0,0,0,0,0,0,0,0,0,0,0,0,0,64800
TAX_48,0,0,0,0,0,0,0,0,0,0,0,0,0,0,0,0,105400,0,0,71000,0,0,96800,79000,0,0,0,0,0,128800,117800,0,0,294400
TAX_49,0,240000,0,0,0,0,167800,274400,0,0,0,0,0,65200,74800,0,0,0,0,0,0,0,0,0,0,0,0,0,0,0,0,0,0,54000
TAX_50,0,0,0,0,0,0,0,75200,0,0,0,0,0,0,0,0,0,0,0,0,0,0,0,0,0,0,0,0,0,0,0,0,0,74200
TAX_51,0,0,0,0,0,0,0,95600,0,0,0,0,0,0,0,0,0,0,0,0,0,0,0,0,0,0,0,0,0,0,0,0,0,0
TAX_52,0,0,0,0,0,0,0,0,0,0,0,0,0,0,0,0,0,0,0,0,0,0,0,0,0,0,0,0,0,0,0,0,0,58600
TAX_53,0,0,0,0,0,0,0,0,0,0,0,0,0,0,0,0,0,0,0,0,0,0,0,0,0,0,0,0,0,0,0,0,0,52400
TAX_54,0,0,0,0,0,0,0,0,0,0,0,0,0,0,0,0,0,0,0,0,0,0,0,0,0,0,0,0,0,0,0,0,0,60200
TAX_55,0,0,0,0,0,0,0,0,0,147200,0,0,0,0,0,0,0,0,0,0,0,0,0,0,0,0,0,0,0,0,0,0,0,0
TAX_56,0,0,0,0,0,0,0,0,0,0,0,0,0,0,0,0,0,0,0,0,0,0,0,0,0,0,0,0,0,0,0,0,0,51600
TAX_57,0,0,0,0,0,0,0,95000,0,0,0,0,0,153200,0,0,0,0,0,0,0,0,0,0,0,0,0,0,0,0,0,0,0,0
TAX_58,0,429400,0,117800,74000,102000,0,431200,51600,291000,0,108400,434600,445600,0,0,0,0,0,71000,124600,0,0,0,0,62200,0,58000,101200,0,0,0,0,126400
TAX_59,0,179800,0,298000,0,0,0,184200,0,115600,0,0,173600,176000,80200,74600,105800,0,0,171400,306200,0,0,0,116200,139800,0,157200,253000,66800,63800,122800,57800,295000
TAX_60,0,0,0,83400,0,0,0,110800,0,0,0,0,0,61800,0,0,0,0,0,0,0,0,0,0,0,0,0,0,0,0,0,0,0,0
TAX_61,0,0,0,0,0,0,0,0,0,0,0,0,0,0,0,0,0,0,0,0,0,0,0,0,0,0,0,0,0,0,0,0,0,92600
TAX_62,0,0,0,0,0,0,0,118800,0,0,0,0,0,0,54600,0,0,0,0,0,0,0,0,0,0,0,0,0,0,0,115000,0,0,360600
TAX_63,0,65200,0,0,0,0,56400,101600,0,0,0,0,0,89000,0,0,0,0,0,0,0,0,0,0,68800,0,0,0,0,0,0,0,0,66000
TAX_64,0,0,0,0,0,0,0,254800,0,0,0,0,0,195400,0,0,0,0,0,0,0,0,0,0,0,66600,0,0,0,0,0,0,0,148600
TAX_65,0,0,0,0,0,0,0,0,0,0,0,0,0,0,0,0,0,0,0,0,0,0,0,0,0,0,0,0,0,0,0,0,0,56400
TAX_66,0,0,0,0,0,0,0,165600,0,0,0,0,0,0,67600,95000,60600,0,0,0,0,289400,283600,205600,127800,172800,0,0,77600,54000,494400,0,0,599800
TAX_67,0,0,0,0,0,0,0,55200,0,0,0,0,0,0,0,0,0,0,0,0,0,0,0,0,0,0,0,0,0,0,0,0,0,64800
TAX_68,0,0,0,0,0,0,0,137800,0,0,0,0,0,0,0,0,0,0,0,0,0,0,53200,0,0,0,0,0,0,0,154800,0,0,331600
TAX_69,0,109400,0,59600,0,0,0,481000,0,0,0,0,0,190600,0,0,0,0,0,0,0,0,0,0,64400,64600,0,61600,81400,0,54000,0,0,442600
TAX_70,0,0,0,0,0,0,0,158400,0,0,0,0,0,72800,0,0,0,0,0,0,0,0,0,0,0,0,0,0,0,0,0,0,0,132200
TAX_71,0,53600,0,55800,0,0,0,448600,0,0,0,0,0,147000,0,0,0,0,0,0,0,0,0,0,0,0,0,0,0,0,0,0,0,68600
TAX_72,0,0,0,0,0,0,0,135400,0,0,0,0,0,269000,0,0,0,0,0,0,0,0,0,0,147000,212400,0,84200,228200,0,0,0,0,72600
TAX_73,0,0,0,159400,0,0,0,0,0,91600,0,0,0,0,0,0,0,0,0,0,0,0,0,0,0,0,0,0,0,0,0,0,0,0
TAX_74,0,0,0,0,0,0,0,56800,0,0,0,0,0,0,0,0,0,0,0,0,0,0,0,0,0,63400,0,0,54000,0,0,0,0,0
TAX_75,0,0,0,0,0,0,0,104800,0,0,0,0,0,69400,0,0,0,0,0,0,0,0,0,0,0,0,0,0,0,0,0,0,0,0
TAX_76,0,94800,0,0,0,0,72800,78400,0,0,0,0,0,253600,51600,0,0,0,0,0,0,0,0,0,101400,105600,0,56600,0,0,0,0,0,96200
TAX_77,0,0,0,0,0,0,0,62800,0,0,0,0,0,0,0,0,0,0,0,0,0,0,0,0,0,0,0,0,0,0,0,0,0,0
TAX_78,0,0,0,0,0,0,0,231800,0,0,0,0,0,0,0,0,0,0,0,0,0,0,0,0,0,0,0,0,0,0,0,0,0,164400
TAX_79,0,0,0,0,0,0,0,80600,0,0,0,0,0,75600,0,0,0,0,0,0,0,0,0,0,0,0,0,0,0,0,0,0,0,0
TAX_80,0,63600,0,0,0,0,66000,63400,0,0,0,0,57000,59000,0,0,0,0,0,53600,0,0,0,0,0,0,0,0,0,0,0,0,0,59000
TAX_81,0,230400,0,111800,0,0,229600,236000,0,55600,0,0,219800,233200,188400,155800,137000,148600,56600,214600,56200,0,72800,58200,123400,127000,104000,181000,98000,190400,101400,121000,149400,224400
TAX_82,0,0,0,0,0,0,0,0,0,0,0,0,0,0,0,0,0,0,0,0,0,0,0,0,0,0,0,0,0,71600,0,0,0,0
TAX_83,0,0,0,0,0,0,0,0,0,0,0,0,0,0,0,0,0,0,0,0,0,0,0,0,0,0,0,0,0,0,0,0,0,53000
TAX_84,0,0,0,0,0,0,0,0,0,0,0,0,0,0,0,0,0,0,0,0,0,0,0,0,0,0,0,0,0,0,0,0,0,65000
TAX_85,0,0,0,0,0,0,0,0,0,0,0,0,0,0,0,0,0,0,0,0,0,0,0,0,0,0,0,0,50000,0,0,0,0,84200
TAX_86,0,0,0,0,0,0,0,0,0,0,0,0,0,0,0,0,0,0,0,0,0,0,0,0,0,0,0,0,0,0,0,0,0,70600
TAX_87,0,0,0,0,0,0,0,0,0,0,0,0,0,0,0,0,0,0,0,0,0,0,0,0,0,0,0,0,0,0,0,0,0,62000
TAX_88,0,0,0,0,0,0,0,0,0,0,0,0,0,0,0,0,0,0,0,0,0,0,0,0,0,0,0,0,0,0,0,0,0,72000
TAX_89,0,0,0,0,0,0,0,0,0,0,0,0,0,0,0,0,0,0,0,0,0,0,0,0,0,0,0,0,0,0,0,0,0,53800
TAX_90,0,0,0,0,0,0,0,0,0,0,0,0,0,0,0,0,0,0,0,0,0,0,0,0,0,0,0,0,0,0,0,0,0,67200
TAX_91,0,0,0,0,0,0,0,0,0,0,0,0,0,0,0,0,0,0,0,0,0,0,0,0,0,0,0,0,52000,0,0,0,0,80200
TAX_92,0,0,0,0,0,0,0,0,0,0,0,0,0,0,0,0,0,0,0,0,0,0,0,0,0,0,0,0,0,0,0,0,0,68600
TAX_93,0,0,0,0,0,0,0,0,0,0,0,0,0,0,0,0,0,0,0,0,0,0,0,0,0,0,0,0,0,0,0,0,0,59200
TAX_94,0,0,0,0,0,0,0,0,0,0,0,0,0,0,0,0,0,0,0,0,0,0,0,0,0,0,0,0,0,0,0,0,0,51400
TAX_95,0,0,0,96600,0,0,0,105400,0,0,0,0,0,0,0,0,0,0,0,0,0,0,0,0,0,0,0,0,0,0,0,0,0,0
TAX_96,0,0,0,0,0,0,0,181400,0,0,0,0,65200,184200,0,0,0,0,0,0,0,0,0,0,0,0,0,0,68000,0,0,0,0,50600
TAX_97,0,0,0,0,0,0,0,0,0,0,0,0,0,0,0,0,0,0,0,0,0,0,0,0,0,0,0,0,0,0,0,0,0,54400
TAX_98,0,0,0,0,0,0,0,0,0,0,0,0,0,0,0,0,0,0,0,0,0,0,0,0,0,0,0,0,0,0,0,0,0,52600
TAX_99,0,0,0,0,0,0,0,0,0,0,0,0,0,0,0,0,0,0,0,0,0,0,0,0,0,0,0,0,0,0,0,0,0,50400
TAX_100,0,0,0,0,0,0,0,0,0,0,0,0,0,0,0,0,0,0,0,0,0,0,0,0,0,0,0,0,0,0,0,0,0,58200
TAX_101,0,0,0,0,0,0,0,0,0,0,0,0,0,0,0,0,0,0,0,0,0,0,0,0,0,0,0,0,0,0,0,0,0,50800
TAX_102,0,0,0,0,0,0,0,0,0,0,0,0,0,0,0,0,0,0,0,0,0,0,0,0,0,0,0,0,0,0,0,0,0,65000
TAX_103,0,0,0,0,0,0,0,0,0,0,0,0,0,0,0,0,0,0,0,0,0,0,0,0,0,0,0,0,0,0,0,0,0,50000
TAX_104,0,0,0,0,0,0,0,0,0,0,0,0,0,0,0,0,0,0,0,0,0,0,0,0,0,0,0,0,0,0,0,0,0,50400
TAX_105,0,0,0,0,0,0,0,0,0,0,0,0,0,0,0,0,0,0,0,0,0,0,0,0,0,51600,0,0,59400,0,0,0,0,101000
TAX_106,0,0,0,0,0,0,0,0,0,0,0,0,0,0,0,0,0,0,0,0,0,0,0,0,0,0,0,0,0,0,0,0,0,75000
TAX_107,0,0,0,0,0,0,0,0,0,0,0,0,0,0,0,0,0,0,0,0,0,0,0,0,0,0,0,0,0,0,0,0,0,70800
TAX_108,0,0,0,0,0,0,0,0,0,0,0,0,0,0,0,0,0,0,0,0,0,0,0,0,0,0,0,0,0,0,0,0,0,52400
TAX_109,0,0,0,0,0,0,0,0,0,0,0,0,0,0,0,0,0,0,0,0,0,0,0,0,0,0,0,0,0,0,0,0,0,59400
TAX_110,0,0,0,0,0,0,0,0,0,0,0,0,0,0,0,0,0,0,0,0,0,0,0,0,0,0,0,0,0,0,0,0,0,52600
TAX_111,0,0,0,0,0,0,0,0,0,0,0,0,0,0,0,0,0,0,0,0,0,0,0,0,0,0,0,0,0,0,0,0,0,57200
TAX_112,0,0,0,0,0,0,0,0,0,0,0,0,0,0,0,0,0,0,0,0,0,0,0,0,0,0,0,0,0,0,0,0,0,54200
TAX_113,0,0,0,0,0,0,0,0,0,0,0,0,0,0,0,0,0,0,0,0,0,0,0,0,0,0,0,0,0,0,0,0,0,66800
TAX_114,0,0,0,0,0,0,0,0,0,0,0,0,0,0,0,0,0,0,0,0,0,0,0,0,0,0,0,0,0,0,0,0,0,51200
TAX_115,0,64200,0,62800,0,0,0,50800,0,0,0,0,0,0,0,0,0,0,0,0,0,0,0,0,0,0,0,0,0,0,0,0,0,68200
TAX_116,0,0,0,0,0,0,0,0,0,0,0,0,157800,0,0,0,0,0,0,0,0,0,0,0,0,0,0,0,0,0,0,0,0,0
TAX_117,0,0,0,0,0,0,0,0,0,0,0,0,169200,0,0,0,0,0,0,0,0,0,0,0,0,0,0,0,0,0,0,0,0,0
TAX_118,0,50400,0,85600,0,0,0,0,0,0,0,0,0,56200,0,0,0,0,0,0,0,0,0,0,0,0,0,0,0,0,0,0,0,0
TAX_119,0,0,0,80600,0,0,0,0,0,0,0,0,0,0,0,0,0,0,0,0,0,0,0,0,0,0,0,0,0,0,0,0,0,0
TAX_120,0,0,0,0,0,0,0,0,0,0,0,0,0,0,0,0,0,0,0,0,0,0,0,0,0,0,53400,0,0,0,0,0,72400,0
TAX_121,0,61800,0,0,0,0,0,0,0,0,0,0,0,0,0,0,0,0,0,0,0,0,0,0,0,0,0,0,0,0,0,0,0,60400
TAX_122,0,632200,0,0,0,0,159000,0,0,0,0,0,0,75200,253400,190600,67800,0,0,523600,185000,0,0,0,91800,81400,0,203600,79600,0,0,69200,51400,267800
TAX_123,0,53200,0,0,0,0,0,0,0,0,0,0,0,0,0,0,0,0,0,0,0,0,0,0,0,0,58000,0,0,0,0,0,0,0
TAX_124,0,169000,0,0,0,0,0,0,0,0,0,0,0,0,55200,0,0,0,0,142600,0,0,0,0,0,0,0,0,0,0,0,0,0,0
TAX_125,0,0,0,0,0,0,50000,0,0,0,0,0,0,0,0,0,0,0,0,0,0,0,0,0,0,0,0,0,0,0,0,0,0,0
TAX_126,0,57800,0,0,0,0,127200,0,0,0,0,0,0,0,0,0,0,0,0,0,0,0,0,0,0,0,0,0,0,0,0,0,0,0
TAX_127,0,80600,0,90600,0,0,67000,132400,0,0,0,0,0,0,0,0,0,0,0,0,0,0,0,0,0,0,0,0,0,0,0,0,0,70800
TAX_128,0,0,0,59200,0,0,0,73600,0,0,0,0,0,107000,0,0,0,0,0,0,0,0,0,0,0,0,0,0,0,0,0,0,0,0
TAX_129,0,93200,0,0,0,0,56800,70200,0,0,0,0,0,62400,0,0,0,0,0,0,0,0,0,0,0,0,0,0,0,0,0,0,0,75000
TAX_130,0,101400,0,224600,0,0,0,0,0,0,0,0,0,0,0,0,59400,0,53000,0,0,0,0,0,0,0,0,0,0,112200,51400,0,50600,52000
TAX_131,0,272600,0,168800,0,0,263800,107600,0,63600,0,0,0,152200,106200,56600,0,0,0,98200,0,0,59800,50200,0,0,0,103800,0,0,0,0,0,284600
TAX_132,0,53600,0,0,0,0,0,0,0,0,0,0,0,0,0,0,97800,0,0,0,0,0,0,0,0,0,0,0,0,0,0,0,0,0
TAX_133,0,0,0,65400,0,0,0,85000,0,0,0,0,103200,68000,0,0,0,0,0,0,0,0,0,0,0,0,0,0,0,0,0,0,0,0
TAX_134,0,237200,0,127400,0,0,0,212200,0,52000,0,0,210000,317800,77000,0,50600,0,0,100000,0,0,55800,54400,0,0,0,83000,0,0,87200,0,0,109800
TAX_135,0,55400,0,0,0,0,0,59400,0,0,0,0,0,97200,0,0,0,0,0,0,0,0,0,0,0,0,0,0,0,0,0,0,0,0
TAX_136,0,0,0,0,0,0,0,0,0,0,0,0,0,53800,0,0,0,0,0,0,0,0,0,0,0,0,0,0,0,0,0,0,0,0
TAX_137,0,71400,0,0,0,0,0,171400,0,0,0,0,91400,146800,0,0,0,0,0,0,0,0,0,0,0,0,0,0,0,0,0,0,0,0
TAX_138,0,87800,0,249000,0,0,0,0,0,86400,0,0,74200,0,0,0,83600,0,0,0,0,0,0,0,0,0,0,0,0,71200,52800,0,0,0
TAX_139,0,425200,0,446800,0,0,0,320200,0,260600,0,0,0,472200,0,0,0,0,0,0,0,0,0,0,0,0,144400,0,0,373000,0,150200,190600,0
TAX_140,0,214800,0,0,0,0,0,0,0,0,0,0,0,0,0,0,0,0,0,61800,0,0,0,0,0,0,0,0,0,0,0,0,0,0
TAX_141,0,0,0,0,0,0,0,107600,0,0,0,0,0,80800,0,0,0,0,0,0,0,0,0,0,0,0,0,0,0,0,0,0,0,0
TAX_142,0,60000,0,0,0,0,0,0,0,0,0,0,0,0,0,0,0,0,0,0,0,0,0,0,0,0,0,0,0,0,0,0,0,0
TAX_143,0,111400,0,54800,0,0,0,90200,0,0,0,0,58000,106600,0,0,0,0,0,0,0,0,0,0,0,0,0,0,0,0,0,0,0,0
TAX_144,0,0,0,0,0,0,0,0,0,0,0,0,0,82400,0,0,0,0,0,0,0,0,0,0,0,0,0,0,0,0,0,0,0,0
TAX_145,0,289800,0,535400,0,327000,0,489000,0,325200,214200,0,526600,450600,0,0,189800,0,127400,0,0,0,93800,104000,0,0,0,0,0,116000,139200,0,0,106000
TAX_146,0,0,0,0,0,0,0,166400,0,0,0,0,0,0,0,0,0,0,0,0,0,0,0,0,0,0,0,0,0,0,0,0,0,0
TAX_147,0,0,0,74400,0,0,0,216200,0,0,0,0,0,0,0,0,0,0,0,0,0,0,0,0,0,0,0,0,0,0,0,0,0,0
TAX_148,0,0,0,0,0,0,0,65000,0,0,0,0,0,0,0,0,0,0,0,0,0,0,0,0,0,0,0,0,0,0,0,0,0,0
TAX_149,0,0,0,0,0,0,0,91000,0,0,0,0,0,50800,0,0,0,0,0,0,0,0,0,0,0,0,0,0,0,0,0,0,0,0
TAX_150,0,0,0,0,0,0,0,120800,0,0,0,0,50400,73600,0,0,0,0,0,0,0,0,0,0,0,0,0,0,0,0,0,0,0,0
TAX_151,0,300200,0,138200,0,0,0,127000,0,85200,0,0,289000,382600,209600,149800,0,0,0,64400,0,0,87400,93400,0,0,342800,51000,0,138200,0,422200,363200,0
TAX_152,0,0,0,0,0,0,0,0,0,0,0,0,300600,0,0,0,0,0,0,0,0,0,0,0,0,0,0,0,0,0,0,0,0,0
TAX_153,52600,513600,0,491600,0,492000,0,540400,0,406400,364400,0,491000,513000,390000,296800,367000,171800,296800,377400,53400,149200,293600,303200,0,0,422600,143600,0,339000,286600,296200,431200,175400
TAX_154,0,0,0,97800,0,106000,0,0,0,0,0,0,185000,0,0,0,0,0,0,0,0,0,0,0,0,0,0,0,0,0,0,0,0,0
TAX_155,0,135000,0,238800,0,0,0,52800,0,133200,58200,0,57800,119600,52400,0,159600,0,131600,0,0,0,104000,83800,0,0,82600,0,0,86200,120400,91200,84000,0
TAX_156,0,60200,0,0,0,0,0,0,0,0,0,0,0,0,0,0,0,0,0,0,0,0,0,0,0,0,0,0,0,0,0,0,0,0
TAX_157,0,0,0,0,0,0,0,0,0,0,0,0,105400,0,0,0,0,0,0,0,0,0,0,0,0,0,0,0,0,0,0,0,0,0
TAX_158,0,75000,0,0,0,0,0,63400,0,0,0,0,0,87200,0,0,0,0,0,0,0,0,0,0,0,0,0,0,0,0,0,0,0,0
TAX_159,0,0,0,69800,0,0,0,230200,0,0,0,0,0,0,0,0,0,0,0,0,0,0,0,0,0,0,0,0,0,0,0,0,0,66000
TAX_160,0,59200,0,0,0,0,0,52000,0,0,0,0,0,60800,0,0,0,0,0,0,0,0,0,0,0,0,0,0,0,0,0,0,0,0
TAX_161,0,184400,0,0,0,0,91800,247400,0,0,0,0,116800,228400,0,0,0,0,0,0,0,0,0,0,0,0,0,0,0,63600,0,0,0,86200
TAX_162,0,350000,0,321000,0,71200,214800,366600,0,208000,59400,0,329800,348400,110200,66000,142600,67600,109800,164000,0,0,89200,82200,0,0,215200,70600,0,323000,111600,126600,260000,222600
TAX_163,0,0,0,0,0,0,0,54400,0,0,0,0,0,0,0,0,0,0,0,0,0,0,0,0,0,0,0,0,0,0,0,0,0,0
TAX_164,0,176200,0,63200,0,0,119000,142200,0,0,0,0,176800,196400,0,0,0,0,0,0,0,0,0,0,0,0,65000,0,0,158800,0,0,96600,79000
TAX_165,0,0,0,143000,0,0,0,97400,0,84400,0,0,60200,0,0,0,0,0,0,58800,0,0,0,0,0,0,0,0,0,76800,0,0,0,0
TAX_166,0,109800,0,0,0,0,58800,242200,0,0,0,0,0,132200,0,0,0,0,0,0,0,0,0,0,0,0,0,0,0,0,0,0,0,148000
TAX_167,0,58600,0,0,0,0,0,66800,0,0,0,0,0,71800,0,0,0,0,0,0,0,0,0,0,0,0,0,0,0,0,0,0,0,0
TAX_168,0,0,0,0,0,0,0,141800,0,0,0,0,0,291600,0,0,0,0,0,0,0,0,0,0,0,0,0,0,0,0,0,0,0,0
TAX_169,0,0,0,0,0,0,0,0,0,0,0,0,0,113000,0,0,0,0,0,0,0,0,0,0,0,0,0,0,0,0,0,0,0,0
TAX_170,0,0,0,0,0,0,0,0,0,0,0,0,0,75600,0,0,0,0,0,0,0,0,0,0,0,0,0,0,0,0,0,0,0,0
TAX_171,0,0,0,0,0,0,0,0,0,0,0,0,0,54000,0,0,0,0,0,0,0,0,0,0,0,0,0,0,0,0,0,0,0,0
TAX_172,0,0,0,0,0,0,0,0,0,0,0,0,666400,0,0,0,0,0,0,0,0,0,0,0,0,0,0,0,0,0,0,0,0,0
TAX_173,0,0,0,0,0,0,0,0,0,0,0,0,185400,0,0,0,0,0,0,0,0,0,0,0,0,0,0,0,0,0,0,0,0,0
TAX_174,0,59600,0,0,0,0,0,0,0,0,0,0,0,105600,0,0,0,0,0,0,0,0,0,0,0,0,101800,0,0,164400,0,197000,219000,0
TAX_175,0,73600,0,0,0,0,0,0,0,0,0,0,74600,86400,0,0,0,0,0,0,0,0,0,0,0,0,0,0,0,0,0,0,0,0
TAX_176,0,343400,0,0,0,0,0,0,0,0,0,0,308400,283800,59000,0,55200,0,0,162200,0,0,0,0,0,0,229000,64000,0,0,0,111800,113000,0
TAX_177,0,0,0,0,0,0,0,0,0,0,0,0,0,57400,0,0,0,0,0,0,0,0,0,0,0,0,0,0,0,0,0,0,0,0
TAX_178,0,79200,0,0,0,0,53400,103600,0,0,0,0,61400,112200,0,0,0,0,0,0,0,0,0,0,0,0,0,0,0,0,0,0,0,0
TAX_179,0,241400,0,60200,0,0,109000,204800,0,0,0,0,0,223200,89800,0,0,0,0,86200,0,0,0,0,0,0,59800,0,0,0,0,0,54200,97800
TAX_180,0,124800,0,346800,0,0,0,0,0,161200,0,0,205200,0,0,0,151200,0,152200,0,0,254200,308400,326200,0,0,0,0,0,0,327200,0,0,0
TAX_181,0,0,0,76000,0,0,0,0,0,0,0,0,0,0,0,0,0,0,0,0,0,0,60200,57400,0,0,0,0,0,0,61400,0,0,0
TAX_182,0,0,0,0,0,0,0,0,0,0,0,0,0,50000,0,0,0,0,0,0,0,0,0,0,0,0,0,0,0,0,0,0,0,0
TAX_183,0,0,0,0,0,0,0,0,0,0,0,0,57400,0,0,0,0,0,0,0,0,0,0,0,0,0,0,0,0,0,0,0,0,0
TAX_184,0,0,0,0,0,0,0,0,0,0,0,0,0,0,0,0,0,0,0,0,0,0,0,0,0,0,53000,0,0,0,0,0,0,0
TAX_185,0,130400,0,55000,0,0,0,99000,0,0,0,0,0,138800,0,0,0,0,0,0,0,0,0,0,0,0,0,0,0,0,0,0,55400,0
TAX_186,0,591000,0,132000,0,0,0,0,0,126400,0,0,0,260200,189800,119000,69200,0,52400,344800,0,0,76800,71600,0,0,166400,0,0,55800,0,143600,168200,0
TAX_187,0,0,0,178400,0,0,0,0,0,62600,0,0,0,0,0,0,0,0,0,0,0,0,0,0,0,0,0,0,0,0,64800,0,0,0
TAX_188,0,51400,0,0,0,0,0,0,0,0,0,0,0,66000,0,0,0,0,0,0,0,0,0,0,0,0,0,0,0,0,0,0,0,0
TAX_189,0,0,0,81800,0,0,0,0,0,0,0,0,0,0,0,0,0,0,0,0,0,0,0,0,0,0,0,0,0,0,0,0,0,0
TAX_190,0,94600,0,116600,0,0,0,111200,0,53400,0,0,77800,0,0,0,0,0,0,0,0,0,0,0,0,0,0,0,0,0,0,0,0,0
TAX_191,0,0,0,0,0,0,0,0,0,0,0,0,0,86800,0,0,0,0,0,0,0,0,0,0,0,0,0,0,0,0,0,0,0,0
TAX_192,0,0,0,0,0,0,0,0,0,0,0,0,79400,0,0,0,0,0,0,0,0,0,0,0,0,0,0,0,0,0,0,0,0,0
TAX_193,0,0,0,0,0,0,0,0,0,0,0,0,514600,0,0,0,0,0,0,0,0,0,0,0,0,0,0,0,0,0,0,0,0,0
TAX_194,0,57600,0,61400,0,0,0,0,0,0,0,0,0,0,0,0,0,0,0,0,0,0,0,0,0,0,0,0,0,0,0,0,0,0
TAX_195,0,474400,0,614600,0,273800,0,360800,0,539600,175600,0,325400,575200,299000,201800,276400,0,208600,236200,0,97200,333400,276400,0,0,473600,80600,0,423800,226200,310400,479400,55200
TAX_196,0,117200,0,120000,0,0,0,56000,0,113000,0,0,76200,127200,0,0,0,0,0,58800,0,0,0,0,0,0,93000,0,0,68400,0,57400,90600,0
TAX_197,0,143400,0,151200,0,56200,0,69800,0,86800,0,0,0,95800,0,0,0,0,0,0,0,0,0,0,0,0,0,0,0,0,0,0,0,0
TAX_198,0,0,0,0,0,0,0,55400,0,0,0,0,0,91200,0,0,0,0,0,0,0,0,0,0,0,0,0,0,0,0,0,0,0,0
TAX_199,0,363400,0,361200,0,128200,319800,395200,0,269800,56000,0,362200,374800,145000,78200,122200,95800,59400,118200,0,0,118600,95000,0,0,120800,78200,0,236800,102600,73800,158200,211000
TAX_200,0,66000,0,66000,0,0,54200,79800,0,0,0,0,63400,53000,0,0,0,0,0,0,0,0,0,0,0,0,0,0,0,0,0,0,0,0
TAX_201,0,0,0,0,0,0,0,72000,0,0,0,0,0,101400,0,0,0,0,0,0,0,0,0,0,0,0,0,0,0,0,0,0,0,0
TAX_202,0,487000,0,0,0,0,0,59800,0,0,0,0,86800,419000,192800,154800,0,0,0,501000,386800,0,0,0,0,0,305800,225600,116400,0,0,292000,198600,0
TAX_203,0,61200,0,0,0,0,0,198800,0,0,0,0,61000,220400,0,0,0,0,0,0,0,0,0,0,0,0,0,66800,0,0,0,0,0,74600
TAX_204,0,0,0,0,0,0,0,0,0,0,0,0,0,70000,0,0,0,0,0,0,0,0,0,0,0,0,0,0,0,0,0,0,0,0
TAX_205,0,0,0,0,0,0,0,0,0,0,0,0,0,293600,0,0,0,0,0,0,0,0,0,0,0,0,0,0,0,0,0,0,0,0
TAX_206,0,307200,0,0,0,0,80200,0,0,0,0,0,76800,253400,163600,127800,0,0,0,195200,109400,0,0,0,77400,84000,197000,164800,93000,0,0,185000,136400,0
TAX_207,0,0,0,0,0,0,0,0,0,0,0,0,0,89200,0,0,0,0,0,0,0,0,0,0,0,0,0,0,0,0,0,0,0,0
TAX_208,0,303600,0,0,0,0,0,0,0,0,0,0,0,154400,0,0,0,0,0,284200,125000,0,0,0,0,0,80600,0,0,0,0,92400,0,0
TAX_209,0,235600,0,0,0,0,0,0,0,0,0,0,0,79400,0,0,0,0,0,56800,0,0,0,0,0,0,0,0,0,0,0,0,0,0
TAX_210,0,0,0,0,0,0,0,0,0,0,0,0,0,0,0,0,0,0,0,88000,0,0,0,0,0,0,0,0,0,0,0,0,73200,0
TAX_211,0,148800,0,0,0,0,0,0,0,0,0,0,0,0,0,0,0,0,0,0,0,0,0,0,0,0,0,0,0,0,0,0,0,0
TAX_212,0,0,0,0,0,0,0,0,0,0,0,0,0,0,0,0,0,0,0,0,0,0,0,0,0,0,0,0,0,0,56200,0,0,0
TAX_213,0,0,0,0,0,0,0,0,0,0,0,0,0,104000,0,0,0,0,0,0,0,0,0,0,0,0,0,0,0,0,0,0,0,0
TAX_214,0,61400,0,0,0,0,0,66800,0,0,0,0,203400,129800,0,89200,0,0,0,0,0,0,0,0,0,0,220200,55000,0,149800,0,110800,241600,0
TAX_215,0,149400,0,0,0,53600,0,158600,0,0,0,0,86400,366200,107000,0,0,0,0,0,0,0,0,0,0,0,88000,198800,144000,60200,0,263000,99800,87000
TAX_216,0,0,0,0,0,0,0,0,0,0,0,0,0,147600,0,0,0,0,0,0,0,0,0,0,0,0,0,0,0,0,0,0,0,0
TAX_217,0,111600,0,0,0,0,0,56000,0,0,0,0,0,121000,0,0,0,0,0,0,0,0,0,0,0,0,0,0,0,0,0,0,0,0
TAX_218,0,284800,0,0,0,0,166200,223000,0,0,0,0,0,356000,155600,116600,67400,0,0,143800,95800,0,0,0,107200,111400,57400,186800,85600,0,104600,74400,56600,182600
TAX_219,0,422000,0,0,0,0,0,106000,0,0,0,0,112200,198200,73400,0,111400,0,0,253400,58400,0,0,0,0,0,0,69000,0,0,0,0,0,65600
TAX_220,0,0,0,0,0,0,0,0,0,0,0,0,0,52400,0,0,0,0,0,0,0,0,0,0,0,0,0,0,0,0,0,0,0,0
TAX_221,0,0,0,0,0,0,0,56400,0,0,0,0,0,0,0,0,0,0,0,0,0,0,0,0,0,0,0,0,0,0,0,0,0,0
TAX_222,0,82200,0,0,0,0,0,0,0,0,0,0,0,0,0,0,0,0,0,0,0,0,0,0,0,0,0,0,0,0,0,0,0,0
TAX_223,0,133400,0,0,0,0,0,0,0,0,0,0,0,0,0,0,0,0,0,0,0,0,0,0,0,0,0,0,0,0,0,0,0,0
TAX_224,0,0,0,0,0,0,0,0,0,0,0,0,0,52200,0,0,0,0,0,0,0,0,0,0,0,0,0,0,0,0,0,0,0,0
TAX_225,0,463200,0,328000,0,0,68400,105800,0,158800,0,0,200400,238400,471000,453600,420600,146800,387400,430200,368400,429400,452600,423800,128600,132000,386400,263400,213400,325600,476800,385400,348800,197000
TAX_226,0,157000,0,119800,0,0,0,0,0,0,0,0,59800,62000,143400,142000,136200,0,117000,137800,106200,136200,148600,133200,0,0,131800,54800,0,95000,154400,137800,125400,0
TAX_227,0,0,0,0,0,0,0,0,0,0,0,0,0,0,53600,0,77800,0,81600,0,0,65600,68800,56000,0,0,51000,0,0,72800,92200,69800,54800,0
TAX_228,0,160200,0,134400,0,0,0,0,0,0,0,0,76400,51000,0,0,75200,0,0,0,0,0,0,0,0,0,0,0,0,0,0,0,0,0
TAX_229,0,0,0,103400,0,0,0,0,0,0,0,0,0,0,56200,67200,220800,0,176000,0,0,247400,224800,174000,0,0,0,0,0,0,261600,0,0,0
TAX_230,0,64800,0,0,0,0,0,0,0,0,0,0,0,0,0,0,0,0,0,0,0,0,0,0,0,0,0,50800,83400,0,0,84800,59000,104200
TAX_231,0,478000,0,0,0,0,0,0,0,0,0,0,0,64000,248000,246800,68400,0,51800,259800,335400,77000,80000,57600,0,0,351600,164400,243000,230400,78200,535200,442600,50400
TAX_232,0,0,0,0,0,0,0,0,0,0,0,0,0,0,0,0,0,0,0,0,0,0,0,0,0,0,0,0,97000,0,0,0,0,0
TAX_233,0,0,0,0,0,0,0,0,0,0,0,0,0,0,0,0,0,0,0,0,0,0,58400,0,0,0,0,0,0,0,0,0,0,0
TAX_234,0,69600,0,0,0,0,0,0,0,0,0,0,0,0,104200,119400,58200,0,0,0,61000,51400,0,0,0,0,0,0,0,0,0,61000,0,0
TAX_235,0,0,0,0,0,0,0,0,0,0,0,0,0,0,0,0,0,0,0,0,0,0,0,0,0,0,0,0,0,0,0,0,0,180000
TAX_236,0,0,0,239600,0,0,0,0,0,0,0,0,0,0,0,0,126800,0,0,0,0,150800,146800,127200,0,0,0,0,0,0,178400,0,0,0
TAX_237,0,0,0,53800,0,0,0,74000,0,0,0,0,0,0,0,0,0,0,0,0,0,0,0,0,0,0,0,0,0,0,0,0,0,82800
TAX_238,0,73400,0,0,0,0,0,0,0,0,0,0,0,0,0,0,0,0,0,0,0,0,0,0,0,0,0,0,0,0,0,0,0,0
TAX_239,0,109000,0,0,0,0,0,0,0,0,0,0,0,78400,0,0,0,0,0,0,0,0,0,0,0,0,0,0,0,0,0,0,0,0
TAX_240,0,347400,0,60800,0,0,128200,0,0,0,0,0,50800,172000,0,0,0,0,0,112600,0,0,0,0,0,0,52000,0,0,61400,0,0,0,0
TAX_241,0,208200,0,0,0,0,0,0,0,0,0,0,0,0,0,0,0,0,0,0,0,0,0,0,0,0,0,0,0,0,0,0,0,51000
TAX_242,0,0,0,78800,0,0,0,0,0,0,0,0,0,0,0,0,0,0,0,0,0,0,0,0,0,0,0,0,0,0,0,0,0,0
TAX_243,0,150600,0,0,0,0,0,0,0,0,0,0,0,0,118800,0,0,0,0,0,0,0,0,0,0,0,111600,0,0,53600,0,0,126400,0
TAX_244,0,57600,0,0,0,0,0,0,0,0,0,0,0,0,0,70600,0,0,0,57000,0,0,0,0,0,0,0,0,0,0,0,110600,0,0
TAX_245,0,0,0,67000,0,0,0,0,0,0,0,0,0,0,0,0,0,0,0,0,0,0,0,0,0,0,0,0,0,0,0,0,0,0
TAX_246,0,84200,0,0,0,0,55600,0,0,0,0,0,0,0,0,0,0,0,0,0,0,0,0,0,0,0,0,0,0,0,0,0,0,146600
TAX_247,0,206400,0,118400,0,0,0,0,0,0,0,0,0,0,72200,0,86200,0,68000,114400,0,83200,160200,147600,0,0,0,0,0,0,71800,0,0,0
TAX_248,0,0,0,0,0,0,0,0,0,0,0,0,0,0,0,0,0,0,0,0,0,0,0,0,0,0,0,0,0,0,0,0,0,54400
TAX_249,0,0,0,0,0,0,0,0,0,0,0,0,0,0,0,0,0,0,0,0,0,0,0,0,0,0,0,0,0,0,0,0,0,52400
TAX_250,0,0,0,0,0,0,0,0,0,0,0,0,0,0,0,0,0,0,0,0,0,0,0,0,0,0,0,0,0,0,0,0,0,59400
TAX_251,0,0,0,0,0,0,0,0,0,0,0,0,0,0,0,0,0,0,0,0,0,0,0,0,0,0,0,0,0,0,0,0,0,73800
TAX_252,0,0,0,0,0,0,0,0,0,0,0,0,0,0,0,0,0,0,0,0,0,0,0,0,0,0,0,0,0,0,0,0,0,82200
TAX_253,0,108800,0,0,0,0,0,426400,0,159800,0,0,0,52800,0,0,0,0,0,0,0,0,0,0,0,0,0,0,0,0,0,0,0,170200
TAX_254,0,80400,0,0,0,0,108600,0,0,0,0,0,0,0,77600,0,0,0,0,0,0,0,0,0,0,0,0,0,0,0,0,0,0,0
TAX_255,0,0,0,0,0,0,0,0,0,0,0,0,0,0,0,0,0,0,0,0,0,0,0,0,0,0,0,0,0,0,0,0,0,194200
TAX_256,0,0,0,0,0,0,0,122200,0,0,0,0,200400,130000,0,0,0,0,0,0,0,0,0,0,0,0,0,0,0,0,0,0,0,61800
TAX_257,111000,72800,0,72000,0,0,0,191600,70200,71600,0,0,101400,64800,0,0,0,0,0,0,56000,0,0,0,0,0,0,0,0,0,0,0,0,57800
TAX_258,0,572200,0,0,0,0,164800,499200,0,387000,0,0,603400,601600,0,233600,0,0,0,279800,433000,0,0,0,0,320000,0,0,0,0,95200,0,0,0
TAX_259,0,55800,0,0,0,0,0,76800,0,104800,0,0,485800,104800,0,0,0,0,0,0,0,0,0,0,0,0,0,0,0,0,0,0,0,0
TAX_260,0,0,0,0,0,0,0,0,0,0,0,0,0,0,0,0,0,0,0,0,0,0,0,0,0,0,0,0,0,0,0,0,0,52400
TAX_261,0,0,0,0,0,0,0,108200,0,0,0,0,0,0,0,0,0,0,0,0,0,0,0,0,0,0,0,0,0,0,0,0,0,0
TAX_262,0,0,0,0,0,0,0,0,0,0,0,0,0,0,0,0,0,0,0,0,0,0,0,0,0,0,0,0,0,0,0,0,0,117600
TAX_263,0,0,0,0,0,0,0,0,0,0,0,0,0,0,0,0,0,0,0,0,0,78200,101000,83000,0,0,0,0,0,0,0,0,0,0
TAX_264,0,0,0,0,0,0,0,0,0,0,0,0,0,0,0,0,0,0,0,0,0,0,0,0,0,0,0,0,0,71800,0,0,0,0
TAX_265,0,92600,0,0,0,0,0,146400,0,58800,0,0,58400,143000,0,0,0,0,0,0,0,0,0,0,0,0,0,0,0,0,0,0,0,86200
TAX_266,0,179000,0,158600,71200,71600,0,135800,0,180000,0,0,150600,176800,119400,104400,0,0,0,121600,138200,0,0,0,70000,78000,0,115000,124600,0,54000,0,0,165600
TAX_267,0,0,0,0,0,0,0,50200,0,0,0,0,0,0,0,0,0,0,0,0,0,0,0,0,0,0,0,0,0,0,0,0,0,0
TAX_268,0,448600,76000,456200,324800,273800,91400,603600,0,587200,154400,116200,231200,469600,377600,362800,149600,0,0,378800,334200,0,0,0,207600,212000,75400,291600,315600,0,219400,214200,80800,414400
TAX_269,0,0,0,0,0,0,0,58200,0,0,0,0,0,0,0,0,0,0,0,0,0,0,0,0,0,0,0,0,0,0,0,0,0,0
TAX_270,0,0,0,304200,74600,78600,0,0,0,0,0,0,0,0,245000,0,0,0,0,0,0,0,0,0,309400,0,0,414800,471600,0,0,52200,0,535000
TAX_271,0,78400,0,0,0,0,0,0,0,0,0,0,0,0,0,0,0,0,0,0,0,0,0,0,0,0,0,0,0,0,0,0,0,0
TAX_272,0,183200,0,134400,194800,0,0,206400,0,162600,51600,0,168400,196200,85400,82800,0,0,0,112000,129800,0,0,0,77000,79800,0,101000,115000,0,0,0,0,175600
TAX_273,0,50000,0,0,0,0,0,56600,0,53200,0,0,55000,55600,0,0,0,0,0,0,0,0,0,0,0,0,0,0,0,0,0,0,0,0
TAX_274,0,0,0,0,0,0,0,324200,0,0,0,0,0,0,0,0,0,0,0,0,0,0,0,0,0,0,0,0,0,0,0,0,0,90000
TAX_275,0,0,0,0,0,0,0,0,0,0,0,0,0,0,0,0,0,0,0,0,0,0,0,0,0,0,0,0,0,0,0,0,0,50600
TAX_276,0,0,0,0,0,0,0,0,0,0,0,0,0,0,0,0,0,0,0,0,0,0,0,0,0,0,0,0,0,0,0,0,0,59800
TAX_277,0,0,0,0,0,0,0,0,0,0,0,0,0,0,0,0,0,0,0,0,0,0,0,0,0,0,0,0,0,0,0,0,0,148200
TAX_278,0,0,0,89200,0,0,0,0,0,0,0,0,0,0,116600,0,0,0,0,0,0,63200,83600,56600,0,0,0,0,0,0,0,0,0,0
TAX_279,0,66000,0,0,0,0,0,0,0,0,0,0,0,0,0,0,0,0,0,0,0,0,0,0,0,0,0,0,0,0,0,0,0,261800
TAX_280,0,0,0,0,0,0,76600,0,0,0,0,0,0,0,0,0,0,0,0,0,0,0,0,0,0,0,0,0,0,0,0,0,0,91200
TAX_281,0,55200,0,0,0,0,61600,0,0,0,0,0,0,0,0,0,0,0,0,0,0,0,0,0,0,0,0,0,0,0,0,0,0,62400
TAX_282,0,0,0,0,0,0,0,0,0,0,0,0,0,0,0,0,0,0,0,0,0,0,0,0,0,0,0,0,0,0,0,0,0,141200
TAX_283,0,404800,0,0,0,0,430600,0,0,0,0,0,0,59400,149200,81600,0,0,0,197600,0,0,0,0,88800,90800,51400,167200,54200,57000,0,0,0,338600
TAX_284,0,0,0,0,0,0,55400,0,0,0,0,0,0,0,0,0,0,0,0,0,0,0,0,0,0,0,0,0,0,0,0,0,0,0
TAX_285,0,82800,0,0,0,0,84000,0,0,0,0,0,0,0,0,0,0,0,0,0,0,0,0,0,0,0,0,0,0,0,0,0,0,72800
TAX_286,0,0,0,0,0,0,0,0,0,0,0,0,0,0,0,0,0,0,0,0,0,0,0,0,0,0,0,0,0,0,0,0,0,53400
TAX_287,0,0,0,0,0,0,0,0,0,0,0,0,0,59400,0,0,0,0,0,0,0,0,0,0,0,0,0,61600,185800,0,0,0,0,0
TAX_288,0,0,0,0,0,0,0,0,0,0,0,0,0,0,0,0,0,0,0,0,0,0,0,0,0,0,0,0,0,0,0,0,0,70400
TAX_289,0,0,0,0,0,0,0,0,0,0,0,0,0,0,0,0,0,0,0,0,0,0,0,0,0,0,0,0,0,0,0,0,0,76200
TAX_290,0,0,0,0,0,0,0,0,0,0,0,0,0,0,0,0,0,0,0,0,0,0,0,0,0,0,0,0,0,0,0,0,0,148800
TAX_291,0,0,0,0,0,0,0,0,0,0,0,0,0,0,0,0,0,0,0,0,0,0,0,0,0,0,0,0,0,0,0,0,0,53400
TAX_292,0,0,0,0,0,0,0,0,0,0,0,0,0,0,0,0,0,0,0,0,0,0,0,0,0,0,0,0,0,0,0,0,0,52600
TAX_293,0,0,0,0,0,0,0,0,0,0,0,0,0,0,0,0,0,0,0,0,0,0,0,0,0,0,0,0,0,0,0,0,0,57000
TAX_294,0,0,0,0,0,0,0,0,0,0,0,0,0,0,0,0,0,0,0,0,0,0,0,0,0,0,0,0,0,0,0,0,0,76000
TAX_295,0,0,0,0,0,0,0,0,0,0,0,0,0,0,0,0,0,0,0,0,0,0,0,0,0,0,0,0,0,0,0,0,0,61200
TAX_296,0,0,0,0,0,0,0,0,0,0,0,0,0,0,0,0,0,0,0,0,0,0,0,0,0,0,0,0,0,0,0,0,0,62800
TAX_297,0,0,0,0,0,0,0,0,0,0,0,0,0,0,0,0,0,0,0,0,0,0,0,0,0,0,0,0,0,0,0,0,0,66000
TAX_298,0,0,0,0,0,0,0,0,0,0,0,0,0,0,0,0,0,0,0,0,0,0,0,0,0,0,0,0,0,0,0,0,0,50800
TAX_299,0,0,0,0,0,0,0,0,0,0,0,0,0,0,0,0,0,0,0,0,0,0,0,0,0,0,0,0,0,0,0,0,0,65000
TAX_300,0,0,0,0,0,0,0,0,0,0,0,0,0,0,0,0,0,0,0,0,0,0,0,0,0,0,0,0,0,0,0,0,0,56400
TAX_301,0,0,0,0,0,0,0,0,0,0,0,0,0,0,0,0,0,0,0,0,0,0,0,0,0,0,0,0,0,0,0,0,0,53400
TAX_302,0,0,0,0,0,0,0,0,0,0,0,0,0,0,0,0,0,0,0,0,0,0,0,0,0,0,0,0,0,0,0,0,0,59000
TAX_303,0,0,0,0,0,0,0,0,0,0,0,0,0,0,0,0,0,0,0,0,0,0,0,0,0,0,0,0,0,0,0,0,0,60600
TAX_304,0,0,0,0,0,0,0,0,0,0,0,0,0,0,0,0,0,0,0,0,0,0,0,0,0,0,0,0,0,0,0,0,0,52200
TAX_305,0,0,0,0,0,0,0,0,0,0,0,0,0,0,0,0,0,0,0,0,0,0,0,0,0,0,0,0,0,0,0,0,0,71400
TAX_306,0,0,0,0,0,0,0,0,0,0,0,0,0,0,0,0,0,0,0,0,0,0,0,0,0,0,0,0,0,0,0,0,0,69400
TAX_307,0,0,0,0,0,0,0,0,0,0,0,0,0,0,0,0,0,0,0,0,0,0,0,0,0,0,0,0,0,0,0,0,0,104800
TAX_308,0,0,0,0,0,0,0,0,0,0,0,0,0,0,0,0,0,0,0,0,0,0,0,0,0,0,0,0,0,0,0,0,0,64600
TAX_309,0,0,0,0,0,0,0,0,0,0,0,0,0,0,0,0,0,0,0,0,0,0,0,0,0,0,0,0,0,0,0,0,0,72400
TAX_310,0,0,0,0,0,0,0,0,0,0,0,0,0,0,0,0,0,0,0,0,0,0,0,0,0,0,0,0,0,0,0,0,0,50000
TAX_311,0,0,0,0,0,0,0,0,0,0,0,0,0,0,0,0,0,0,0,0,0,0,0,0,0,0,0,0,0,0,0,0,0,72000
TAX_312,0,0,0,0,0,0,0,0,0,0,0,0,0,0,0,0,0,0,0,0,0,0,0,0,0,0,0,0,84000,0,0,0,0,304800
TAX_313,0,0,0,0,0,0,0,0,0,0,0,0,0,0,0,0,0,0,0,0,0,0,0,0,0,0,0,0,0,0,0,0,0,203000
TAX_314,0,0,0,0,0,0,0,0,0,0,0,0,0,0,0,0,0,0,0,0,0,0,0,0,0,0,0,0,0,0,0,0,0,136600
TAX_315,0,0,0,0,0,0,0,0,0,0,0,0,0,0,0,0,0,0,0,0,0,0,0,0,0,0,0,0,0,0,55000,0,0,0
TAX_316,0,0,0,0,0,0,0,0,0,0,0,0,0,0,0,0,0,0,0,0,0,0,0,0,0,0,0,0,0,0,0,0,0,80400
TAX_317,0,0,0,0,0,0,0,0,0,0,0,0,0,0,0,0,0,0,0,0,0,0,0,0,0,0,0,0,0,0,0,0,0,150200
TAX_318,0,0,0,0,0,0,0,0,0,0,0,0,0,0,0,0,0,0,0,0,0,0,0,0,0,0,0,0,0,0,0,0,0,61800
TAX_319,0,0,0,0,0,0,0,0,0,0,0,0,0,0,0,0,0,0,0,0,0,0,0,0,0,0,0,0,0,0,0,0,0,50600
TAX_320,0,0,0,0,0,0,0,0,0,0,0,0,0,0,0,0,0,0,0,0,0,0,0,0,0,0,0,0,0,0,0,0,0,92200
TAX_321,0,0,0,0,0,0,0,105000,0,0,0,0,0,69600,0,0,0,0,0,0,0,0,0,0,0,0,0,59800,157600,131600,0,118600,91600,185200
TAX_322,0,0,0,0,0,0,0,0,0,0,0,0,0,0,0,0,0,0,0,0,0,0,0,0,0,0,0,0,0,0,0,0,0,57400
TAX_323,0,0,0,0,0,0,0,61000,0,0,0,0,0,0,0,0,0,0,0,0,0,0,0,0,0,0,0,0,0,0,0,0,0,0
TAX_324,0,0,0,0,0,0,0,183600,0,0,0,0,0,91600,0,0,0,0,0,0,0,0,0,0,0,0,0,0,0,0,0,0,0,0
TAX_325,0,0,0,94000,0,0,0,125600,0,0,0,0,0,0,0,0,0,0,0,0,0,0,0,0,0,0,0,0,0,0,0,0,0,0
TAX_326,0,0,0,796600,0,0,0,190200,0,332000,0,0,0,0,0,0,0,0,0,0,0,0,0,0,0,0,0,0,0,0,0,0,0,0
TAX_327,0,0,0,188000,0,89800,0,179000,0,147000,51000,0,0,112200,0,0,0,0,0,0,0,0,0,0,0,0,0,0,0,0,0,0,0,52000
TAX_328,0,203800,0,659400,0,407200,0,645800,0,644000,235000,0,155800,436400,0,0,249800,0,72800,0,0,58400,78400,65600,0,0,0,0,0,196000,142600,99400,53600,217000
TAX_329,0,0,0,945600,0,137400,0,277600,0,422800,0,0,0,0,0,0,0,0,0,0,0,0,0,0,0,0,0,0,0,0,0,0,0,0
TAX_330,0,0,0,98000,0,0,0,96800,0,0,77800,0,51200,0,0,0,0,0,0,0,0,0,56600,0,0,0,0,0,0,0,0,0,0,0
TAX_331,0,0,0,169600,0,50800,0,166000,0,94200,0,0,153200,88400,0,0,0,0,0,0,0,0,0,0,0,0,0,0,0,0,0,0,0,0
TAX_332,0,0,0,62400,0,0,0,59000,0,0,0,0,0,0,0,0,0,0,0,0,0,0,0,0,0,0,0,0,0,0,0,0,0,0
TAX_333,0,56000,0,298800,0,92400,0,330400,0,168200,0,0,94200,163000,0,0,0,0,0,0,0,0,0,0,0,0,0,0,0,53400,0,0,0,70400
TAX_334,0,174400,0,876000,0,361800,0,876400,0,596400,341400,0,592600,485800,0,0,108200,0,0,0,0,64800,0,0,0,0,0,0,0,239000,113200,138000,0,227600
TAX_335,0,0,0,0,0,0,0,0,0,0,0,0,0,0,0,0,0,0,0,0,0,0,0,0,0,51200,0,0,0,0,0,0,0,106600
TAX_336,0,0,0,0,0,0,0,0,0,0,0,0,0,0,0,0,0,0,0,0,0,0,0,0,0,0,0,0,0,0,0,0,0,380600
TAX_337,0,0,0,0,0,0,0,0,0,0,0,0,0,0,0,0,0,0,0,0,0,0,0,0,0,0,0,0,0,0,0,0,0,128200
TAX_338,0,260600,0,217400,129800,0,0,274200,0,144600,100800,0,224200,261400,0,0,0,0,0,93800,96600,0,0,0,78000,55000,0,108000,73200,0,0,0,0,229600
TAX_339,0,128000,0,154200,162200,206000,0,146000,0,117200,230800,0,136800,130800,0,0,73800,0,0,0,0,0,0,0,0,0,0,0,0,58600,0,0,0,135600
TAX_340,0,75000,0,64000,0,0,0,84000,0,0,0,0,70200,80000,0,0,0,0,0,0,0,0,0,0,0,0,0,0,0,0,0,0,0,66400
TAX_341,0,336200,0,342200,70600,97400,64400,492400,0,265600,116000,0,313800,425800,61000,60200,0,0,0,58600,72000,0,84200,0,59200,77800,0,85000,99200,0,68000,62800,0,295600
TAX_342,0,744600,0,669400,516000,505800,175000,746000,0,549200,575600,0,762400,757000,185400,176000,194800,0,0,269000,293800,54000,0,76200,230000,217200,64200,306000,283200,170200,158800,203800,78400,682000
TAX_343,0,166600,0,110400,0,55600,0,193800,0,74400,68800,0,192000,176600,0,0,0,0,0,0,0,0,0,0,0,0,0,0,0,0,0,0,0,83200
TAX_344,0,0,0,128800,0,0,0,74600,0,73600,0,0,0,0,0,0,0,0,0,0,0,0,0,0,0,0,0,0,0,0,0,0,0,0
TAX_345,0,0,0,167800,0,0,0,131800,0,75400,0,0,0,0,0,0,0,0,0,0,0,0,0,0,0,0,0,0,0,0,0,0,0,0
TAX_346,0,0,0,283000,0,0,0,355000,0,151600,0,0,0,0,0,0,0,0,0,0,0,0,0,0,0,0,0,0,0,0,0,0,0,64800
TAX_347,0,0,0,67600,0,0,0,78800,0,0,0,0,0,0,0,0,0,0,0,0,0,0,0,0,0,0,0,0,0,0,0,0,0,0
TAX_348,0,0,0,0,0,0,0,0,0,0,0,0,0,0,0,0,0,0,0,0,0,0,0,0,0,0,0,0,0,0,0,0,0,134200
TAX_349,0,0,0,0,0,0,0,0,0,0,0,0,0,0,0,0,0,0,0,0,0,0,0,0,0,0,0,0,56600,0,0,0,0,0
TAX_350,0,0,0,0,0,0,0,0,0,0,0,0,0,0,0,0,0,0,0,0,0,0,0,0,0,0,0,0,0,0,0,0,0,53800
TAX_351,0,0,0,0,0,0,0,0,0,0,0,0,0,0,0,0,0,0,0,0,0,0,0,0,0,0,0,0,0,0,0,0,0,57800
TAX_352,0,297600,0,141200,0,0,0,71600,0,0,0,0,0,87000,91800,70400,238800,0,206600,111000,0,177400,231200,197000,0,0,62600,0,0,153200,250600,87600,79200,52600
TAX_353,0,0,0,0,0,0,0,0,0,0,0,0,0,0,0,0,0,0,0,0,0,0,0,0,0,0,0,0,0,0,0,0,0,86400
TAX_354,0,167800,0,0,0,0,61800,0,0,0,0,0,0,0,0,0,0,0,0,0,0,0,0,0,0,0,0,0,0,0,0,0,0,64200
TAX_355,0,84800,0,0,0,0,124400,0,0,0,0,0,0,0,50600,0,0,0,0,56400,0,0,0,0,0,0,0,56000,0,0,0,0,0,166400
TAX_356,0,99000,0,0,0,0,0,0,0,0,0,0,0,0,0,0,0,0,0,0,0,0,0,0,0,0,0,0,0,0,0,0,0,0
TAX_357,0,0,0,0,0,0,0,0,0,0,0,0,0,0,0,0,0,0,0,0,0,0,0,0,0,0,0,0,0,0,0,0,0,61000
TAX_358,0,343800,0,500000,0,0,100800,176000,0,124600,0,0,51000,380200,558800,507600,579000,301000,557600,612600,330600,478600,577600,615400,0,0,596000,455000,225600,628200,540800,559400,330200,543200
TAX_359,0,0,0,0,0,0,0,0,0,0,0,0,0,0,0,0,0,0,0,0,0,0,0,0,0,0,0,0,0,0,0,0,0,55800
TAX_360,0,0,0,0,0,0,0,0,0,0,0,0,0,0,0,0,0,0,0,0,0,0,0,0,0,0,0,0,0,0,0,0,0,173000
TAX_361,0,281600,0,0,0,0,0,0,0,0,0,0,0,0,80400,82200,125000,0,64600,258000,285000,0,59200,0,0,54600,57600,114200,150400,0,220600,0,0,0
TAX_362,0,172800,0,0,0,0,0,0,0,0,0,0,0,0,159400,156800,0,61800,0,162800,177800,62000,0,0,168600,182800,0,194000,235200,0,83800,73000,0,104400
TAX_363,0,0,0,0,0,0,0,0,0,0,0,0,0,0,0,0,0,0,0,0,0,0,0,0,0,0,0,0,0,0,0,0,0,56200
TAX_364,0,53200,0,0,0,0,0,0,0,0,0,0,0,0,0,0,0,0,0,0,0,0,0,0,0,0,0,0,0,0,0,0,0,0
TAX_365,0,0,0,0,0,0,73000,0,0,0,0,0,0,0,0,0,0,0,0,0,0,0,0,0,0,0,0,0,0,0,0,0,0,0
TAX_366,0,64400,0,0,0,0,62400,0,0,0,0,0,0,0,0,0,0,0,0,0,0,0,0,0,0,0,0,0,0,0,0,0,0,0
TAX_367,0,86200,0,0,0,0,0,0,0,0,0,0,0,0,0,0,0,0,0,0,0,0,0,0,0,0,0,0,0,0,0,0,0,0
TAX_368,0,164800,0,0,0,0,159600,52600,0,0,0,0,0,92600,70600,0,0,0,0,84200,0,0,0,0,0,0,0,64200,0,0,0,0,0,113000
TAX_369,0,50200,0,0,0,0,0,0,0,0,0,0,0,0,0,0,0,0,0,0,0,0,0,0,0,0,0,0,0,0,0,0,0,0
TAX_370,0,147000,0,0,0,0,133800,63200,0,0,0,0,0,95200,67200,0,0,0,0,73600,0,0,0,0,0,0,0,58400,0,0,0,0,0,106200
TAX_371,0,0,0,0,0,0,0,0,0,0,0,0,0,0,0,0,0,0,0,0,0,0,0,0,0,0,0,0,0,52600,0,0,0,0
TAX_372,0,78000,0,0,0,0,66200,0,0,0,0,0,0,50600,0,0,0,0,0,0,0,0,0,0,0,0,0,0,0,65800,0,0,0,79800
TAX_373,0,102600,0,0,0,0,81200,0,0,0,0,0,0,0,0,0,0,0,0,0,0,0,0,0,0,0,0,0,0,0,0,0,0,63000
TAX_374,0,75800,0,0,0,0,102400,0,0,0,0,0,0,0,0,0,0,0,0,0,0,0,0,0,0,0,0,0,0,0,0,0,0,0
TAX_375,0,104800,0,0,0,0,69400,0,0,0,0,0,0,0,0,0,0,0,0,0,0,0,0,0,0,0,0,0,0,0,0,0,0,60800
TAX_376,0,68400,0,0,0,0,0,0,0,0,0,0,0,0,0,0,0,0,0,0,0,0,0,0,0,0,0,0,0,0,0,0,0,0
TAX_377,0,51400,0,0,0,0,0,0,0,0,0,0,0,0,0,0,0,0,0,0,0,0,0,0,0,0,0,0,0,0,0,0,0,0
TAX_378,0,54200,0,0,0,0,61200,0,0,0,0,0,0,0,0,0,0,0,0,0,0,0,0,0,0,0,0,0,0,0,0,0,0,0
TAX_379,0,0,0,0,0,0,0,0,0,0,0,0,0,0,0,0,0,0,0,0,0,0,0,0,0,0,0,0,0,0,0,0,0,53400
TAX_380,0,60400,0,0,0,0,0,0,0,0,0,0,0,0,0,0,0,0,0,0,0,0,0,0,0,0,0,0,0,0,0,0,0,0
TAX_381,0,135400,0,0,0,0,78400,0,0,0,0,0,0,0,52200,0,0,0,0,0,0,0,0,0,0,0,0,0,0,0,0,0,0,84000
TAX_382,0,0,0,0,0,0,0,0,0,0,0,0,0,0,0,0,0,0,0,0,0,0,0,0,0,0,90800,0,0,0,0,62600,121600,0
TAX_383,0,365400,0,116600,0,0,371000,261400,0,0,0,0,158400,308400,240400,171800,181600,196800,106800,313800,57400,0,120600,120800,102000,114600,267600,211800,103200,276200,156600,186000,279600,315400
TAX_384,0,114800,0,0,0,0,96200,0,0,0,0,0,0,0,0,0,0,0,0,0,0,0,0,0,0,0,0,0,0,0,0,0,56600,0
TAX_385,0,58400,0,0,0,0,0,0,0,0,0,0,0,0,0,0,0,0,0,0,0,0,0,0,0,0,0,0,0,0,0,0,0,0
TAX_386,0,82600,0,0,0,0,0,0,0,0,0,0,0,0,0,0,0,0,0,50800,0,0,0,0,0,0,0,0,0,0,0,0,0,54600
TAX_387,0,378000,0,0,0,0,205400,0,0,0,0,0,0,83200,110200,68400,90600,50000,0,260000,0,0,0,0,0,0,107000,104600,0,107800,50000,76000,126400,205200
TAX_388,0,101000,0,0,0,0,0,0,0,0,0,0,0,0,0,0,0,0,0,86400,87200,0,0,0,0,0,0,0,0,0,0,0,0,0
TAX_389,0,79600,0,0,0,0,0,0,0,0,0,0,0,0,0,0,0,0,0,71400,65000,0,0,0,0,0,0,176200,54800,0,0,0,0,196200
TAX_390,0,261000,0,0,0,0,65200,0,0,0,0,0,0,0,137000,130000,0,0,0,255200,250600,0,0,0,138600,147400,0,0,186400,0,0,69200,52600,54200
TAX_391,0,0,0,0,0,0,0,0,0,0,0,0,0,0,0,0,0,0,0,0,0,0,0,0,59600,74800,0,66000,100400,0,0,0,0,62400
TAX_392,0,418200,0,0,0,0,56200,0,0,0,0,0,0,0,91800,92800,71000,0,121200,391600,404800,0,0,0,102000,107600,55200,119400,125600,0,71400,285000,61000,128200
TAX_393,0,141200,0,0,0,0,290200,0,0,0,0,0,0,125400,349800,341600,277800,183600,0,124400,126400,138400,145000,99400,405000,410600,181400,406600,394200,168200,269000,83000,211400,419800
TAX_394,0,525400,0,0,0,0,87000,0,0,0,0,0,0,53400,317200,320800,172600,109800,107400,522600,517000,87000,104600,68400,256600,274200,250800,379800,421000,131000,163200,312800,245600,395600
TAX_395,0,0,0,0,0,0,0,0,0,0,0,0,0,0,0,0,0,0,0,0,0,0,0,0,0,0,0,0,0,0,0,0,0,57600
TAX_396,0,0,0,0,0,0,0,0,0,0,0,0,0,0,0,0,0,0,0,53400,0,0,0,0,55600,56400,0,114200,99400,0,0,0,0,0
TAX_397,0,60000,0,0,0,0,0,0,0,0,0,0,0,0,0,0,0,0,0,0,103800,0,0,0,115400,120600,0,0,219600,0,0,0,0,79400
TAX_398,0,269600,0,0,0,0,185800,0,0,0,0,0,0,76800,84000,50200,64800,0,0,117200,0,0,0,0,0,0,0,118200,0,62000,0,0,0,289600
TAX_399,0,0,0,89800,0,0,0,0,0,0,0,0,0,0,0,0,0,0,0,0,0,0,0,0,0,0,0,0,0,0,0,0,0,0
TAX_400,0,447800,0,340000,0,0,0,471000,0,175600,0,0,363000,504800,92200,94400,146600,0,91400,144800,166800,96800,94000,78800,0,0,122000,117200,135000,163400,161800,217000,160200,149800
TAX_401,0,727600,0,207400,0,0,0,51600,0,0,0,0,209800,103200,223400,166200,265600,80000,223600,324800,87400,181600,278400,252200,0,0,326000,131400,55000,300200,288400,310200,624800,213600
TAX_402,0,286600,0,296600,0,114400,0,0,0,163000,0,0,61600,70200,0,51400,140800,0,174200,50600,60800,336200,377800,334400,0,0,0,0,0,0,371600,0,0,0
TAX_403,0,0,0,82200,0,0,0,0,0,0,0,0,0,0,0,0,0,0,0,0,0,83000,81800,70200,0,0,0,0,0,0,94000,0,0,0
TAX_404,0,93000,0,0,0,0,0,0,0,0,0,0,0,0,0,0,0,0,0,0,0,0,0,0,0,0,0,0,0,0,0,0,0,0
TAX_405,0,0,0,0,0,0,0,0,0,0,0,0,0,0,0,0,0,0,0,0,0,0,0,0,0,0,0,0,0,0,0,0,0,54800
TAX_406,0,0,0,0,0,0,0,0,0,0,0,0,0,0,0,0,0,0,0,0,0,0,0,0,0,0,0,0,0,0,50000,0,0,0
TAX_407,0,0,0,0,0,0,0,124400,0,0,0,0,0,77600,0,0,0,0,0,0,0,0,0,0,0,0,0,0,0,0,0,0,0,0
TAX_408,0,381000,0,139600,0,0,0,516800,0,0,0,0,0,274800,168000,173800,162000,0,146000,208000,284200,273400,290200,226800,0,0,166000,204600,320200,183200,302600,256800,188400,511400
TAX_409,0,73400,0,0,0,0,0,0,0,0,0,0,0,180800,0,0,0,0,0,0,0,0,0,0,0,0,0,0,0,0,0,0,0,0
TAX_410,0,142200,0,0,0,0,78000,0,0,0,0,0,0,0,61800,0,60600,0,0,60200,0,0,0,0,0,0,0,72200,0,0,54800,0,0,342200
TAX_411,0,0,0,0,0,0,0,0,0,0,0,0,0,0,0,0,0,0,0,0,0,0,0,0,0,0,0,0,0,0,0,0,0,119000
TAX_412,0,99800,0,0,0,0,0,0,0,0,0,0,0,0,60200,0,0,0,0,52000,0,0,0,0,0,0,0,55600,0,50600,0,0,0,273600
TAX_413,0,0,0,60000,0,0,0,0,0,0,0,0,0,0,0,0,0,0,0,0,0,0,0,0,0,0,0,0,0,0,0,0,0,0
TAX_414,0,913400,0,420200,0,54400,0,838000,0,257600,0,0,311600,877000,766200,748600,741200,159200,659000,842400,847800,654400,660000,518200,191000,204600,711000,742000,766000,574400,788400,853200,768600,824000
TAX_415,0,680800,0,909200,0,263800,0,200200,0,674800,91200,0,846400,555400,102200,106000,75000,0,0,166400,235800,129800,132800,112400,62000,66600,86400,76800,98200,70600,184800,167400,107200,0
TAX_416,0,0,0,0,0,0,0,0,0,0,0,0,0,0,0,0,0,0,0,0,0,0,0,0,0,0,0,52800,0,0,0,0,0,71600
TAX_417,0,130400,0,0,0,0,64800,83600,0,0,0,0,0,139800,95000,73600,0,0,0,50600,0,0,0,0,0,0,0,148400,81600,0,0,0,0,204400
TAX_418,0,183600,0,0,0,0,63000,55000,0,0,0,0,0,127800,59000,86400,0,0,0,0,0,0,0,0,76600,0,0,154000,0,0,0,0,0,186200
TAX_419,0,91600,0,0,0,0,136400,107800,0,0,0,0,0,69800,108000,0,54200,57000,0,93800,0,0,0,0,0,72800,0,65800,77000,0,61800,0,0,90000
TAX_420,0,479000,0,80200,0,0,0,73600,0,59600,0,0,0,365600,0,0,0,0,0,108800,182400,0,0,0,0,0,52200,0,51800,0,0,123200,80000,0
TAX_421,0,145000,0,72600,0,0,0,77200,0,0,0,0,146000,124600,121000,125200,114400,0,129000,120800,136400,110600,116200,102200,0,0,125800,91800,111200,99000,126400,143200,140800,64800
TAX_422,0,0,0,0,0,0,0,0,0,0,0,0,0,0,0,0,0,0,0,0,0,0,0,0,0,0,0,51800,0,0,0,0,0,119400
TAX_423,0,63800,0,0,0,0,0,0,0,0,0,0,0,56000,0,0,0,0,0,0,0,0,0,0,0,0,0,0,0,0,50600,60200,55600,0
TAX_424,0,432200,0,200800,0,0,0,253800,0,116800,0,0,50000,444200,417800,422000,380200,66600,400600,418600,481600,365600,417200,370200,0,0,460400,343600,445200,431200,423200,590000,499800,234600
TAX_425,0,792000,0,221800,0,70200,0,0,0,112600,0,0,106800,242000,0,0,0,0,0,80600,115600,0,0,0,0,0,0,0,0,0,0,0,0,0
TAX_426,0,322200,0,755000,0,364000,0,63000,0,771200,149600,0,435800,731400,0,0,116800,0,94400,298200,414800,225000,206800,183200,0,0,103400,106400,161600,124200,282200,197000,124000,0
TAX_427,0,0,0,0,0,0,0,0,0,51000,0,0,78200,0,0,0,0,0,0,0,0,0,0,0,0,0,0,0,0,0,0,0,0,0
TAX_428,0,0,0,0,0,0,0,0,0,0,0,0,102400,0,0,0,0,0,0,0,0,0,0,0,0,0,0,0,0,0,0,0,0,0
TAX_429,0,406000,0,0,0,0,0,0,0,0,0,0,405600,157600,0,0,0,0,0,81200,53600,0,0,0,0,0,0,0,0,0,0,0,0,0
TAX_430,0,570200,0,486600,0,199200,0,69600,0,338400,0,0,113600,232200,112400,115000,0,0,0,235600,323200,163800,126600,107600,0,0,0,0,0,52200,174600,0,0,0
TAX_431,0,0,0,55800,0,0,0,0,0,61600,0,0,0,0,0,0,0,0,0,0,0,0,0,0,0,0,0,0,0,0,0,0,0,0
TAX_432,0,0,0,92200,0,0,0,0,0,78800,0,0,0,0,0,0,0,0,0,0,0,0,0,0,0,0,0,0,0,0,0,0,0,0
TAX_433,0,0,0,0,0,0,0,0,0,0,0,0,0,0,0,0,0,0,0,0,0,0,0,0,0,0,0,0,0,0,0,0,0,108800
TAX_434,0,0,0,0,0,0,0,0,0,0,0,0,0,0,0,0,0,0,0,0,0,0,0,0,0,0,0,0,0,0,0,0,0,68600
TAX_435,0,0,0,0,0,0,0,0,0,0,0,0,0,0,0,0,0,0,0,0,0,0,0,0,0,0,0,0,0,0,0,0,0,64000
TAX_436,0,0,0,0,0,0,0,0,0,0,0,0,0,0,0,0,0,0,0,0,0,0,0,0,0,0,0,0,0,0,0,0,0,87800
TAX_437,0,0,0,0,0,0,0,0,0,0,0,0,0,65800,0,0,0,0,0,0,0,0,0,0,0,0,0,0,0,0,0,0,0,0
TAX_438,0,205400,0,0,0,0,150800,0,0,0,0,0,0,0,0,0,0,0,0,92400,0,0,0,0,0,0,0,0,0,150800,0,0,0,133400
TAX_439,0,50400,0,0,0,0,0,0,0,0,0,0,0,0,0,0,0,0,0,0,0,0,0,0,0,0,0,0,0,0,0,0,0,327600
TAX_440,0,0,0,0,0,0,0,0,0,0,0,0,0,0,0,0,0,0,0,0,0,0,0,0,0,0,0,0,0,0,0,0,0,202200
TAX_441,0,0,0,0,0,0,0,0,0,0,0,0,0,0,0,0,0,0,0,0,0,0,0,0,0,0,0,0,0,0,0,0,0,53400
TAX_442,0,0,0,0,0,0,0,0,0,0,0,0,0,0,0,0,0,0,0,0,0,0,0,0,0,0,0,0,0,0,0,0,0,59400
TAX_443,0,212200,0,284400,0,0,0,0,0,0,0,0,0,122200,53800,61400,75400,0,0,73800,131800,95200,67000,59800,0,0,0,0,96400,0,53600,106800,65600,0
TAX_444,0,0,0,0,0,0,0,0,0,0,0,0,0,0,0,0,0,0,0,0,0,0,0,0,0,55800,0,0,0,0,0,0,0,286400
TAX_445,0,0,0,0,0,0,0,0,0,0,0,0,0,0,0,0,0,0,0,0,0,0,0,0,0,0,0,0,0,0,0,0,0,88400
TAX_446,0,0,0,0,0,0,0,0,0,0,0,0,0,0,0,0,0,0,0,0,0,0,0,0,0,0,0,0,0,0,0,0,0,56400
TAX_447,0,0,0,0,0,0,0,0,0,0,0,0,0,0,0,0,0,0,0,0,0,0,0,0,0,0,0,0,0,0,0,0,0,71600
TAX_448,0,0,0,186800,0,0,0,225800,0,68800,0,0,0,0,0,0,0,0,0,0,0,97200,99400,78200,0,0,0,0,0,0,185200,0,0,153800
TAX_449,0,0,0,0,0,0,0,0,0,0,0,0,0,0,0,0,0,0,0,0,0,0,0,0,0,0,0,0,0,0,71000,0,0,50800
TAX_450,0,0,0,0,0,0,0,0,0,0,0,0,0,0,0,0,0,0,0,0,0,0,0,0,0,0,0,0,0,0,0,0,0,115800
TAX_451,0,0,0,0,0,0,0,0,0,0,0,0,0,0,0,0,0,0,0,0,0,0,0,0,0,0,0,0,0,0,0,0,0,86400
TAX_452,0,0,0,0,0,0,0,168400,0,0,0,0,0,0,0,0,0,0,0,0,0,0,0,0,0,0,0,0,0,0,0,0,0,136600
TAX_453,0,61400,0,0,0,0,0,124200,0,0,0,0,0,76200,0,0,0,0,0,0,0,0,0,0,0,0,0,0,0,0,0,0,0,76400
TAX_454,0,55000,0,99200,0,0,0,599600,0,0,0,0,0,52600,0,60000,0,0,0,0,0,0,0,0,90200,112800,0,0,0,0,135800,0,0,454000
TAX_455,0,248800,0,238600,0,0,0,466400,0,0,0,0,101800,319200,0,0,0,0,0,0,50200,0,0,0,0,0,0,55200,57400,55400,56000,0,0,283200
TAX_456,0,63000,0,0,0,0,0,0,0,0,0,0,0,0,0,0,0,0,0,50000,0,0,0,0,0,0,0,0,0,0,0,0,0,0
TAX_457,0,192400,0,0,0,0,65000,92000,0,0,0,0,0,95600,85800,56000,72800,0,0,173600,52800,0,0,0,0,0,108400,77800,0,104600,0,107000,123200,151000
TAX_458,0,0,0,0,0,0,0,0,0,0,0,0,0,0,0,0,0,0,0,0,0,0,0,0,0,0,0,0,0,0,0,0,0,92000
TAX_459,0,0,0,0,0,0,0,0,0,0,0,0,0,0,0,0,0,0,0,0,0,0,0,0,0,0,0,0,0,0,0,0,0,77200
TAX_460,0,80400,0,0,0,0,0,0,0,0,0,0,0,0,0,0,0,0,0,0,0,0,0,0,0,0,50800,97000,84800,68200,0,108200,82400,198000
TAX_461,0,0,0,0,0,0,0,0,0,0,0,0,0,0,0,0,0,0,0,0,0,0,0,0,0,0,0,0,0,0,0,0,0,60400
TAX_462,0,0,0,0,0,0,0,0,0,0,0,0,0,0,0,0,0,0,0,0,0,0,0,0,0,0,0,0,0,0,0,0,0,75000
TAX_463,0,0,0,0,0,0,0,0,0,0,0,0,0,0,0,0,60400,0,0,0,0,0,0,0,0,0,0,0,0,0,0,0,0,0
TAX_464,0,0,0,0,0,0,0,0,0,0,0,0,0,0,0,0,0,0,0,0,0,0,0,0,0,0,0,0,0,0,0,0,0,120800
TAX_465,0,64400,0,0,0,0,0,0,0,0,0,0,0,0,0,0,0,0,0,0,0,0,0,0,0,0,0,0,0,0,0,0,0,0
TAX_466,0,0,0,0,0,0,0,0,0,0,0,0,0,0,0,0,0,0,0,0,0,0,0,0,0,0,0,0,0,0,0,0,0,56800
TAX_467,0,54200,0,0,0,0,0,0,0,0,0,0,0,0,0,0,0,0,0,0,0,0,0,0,0,0,0,0,0,0,0,0,0,89400
TAX_468,0,0,0,0,0,0,0,0,0,0,0,0,0,0,0,0,0,0,0,0,0,0,0,0,0,0,0,0,0,0,0,60000,0,0
TAX_469,0,128800,0,0,0,0,0,0,0,0,0,0,0,0,0,0,0,0,0,131200,104800,0,0,0,0,0,0,0,0,0,0,0,0,0
TAX_470,0,403000,0,145000,0,0,317400,0,0,0,0,0,0,116600,334800,292800,381600,131600,244600,344800,132800,286000,365600,341400,193400,177400,352000,329400,192600,401600,367200,362600,376000,422400
TAX_471,0,65800,0,0,0,0,57000,0,0,0,0,0,0,0,0,0,0,0,0,0,0,0,0,0,0,0,0,0,0,0,0,0,0,168400
TAX_472,0,0,0,0,0,0,0,0,0,0,0,0,0,0,0,0,0,0,0,0,0,0,0,0,0,0,0,0,0,0,0,0,0,63200
TAX_473,0,0,0,0,0,0,0,0,0,0,0,0,0,0,0,0,0,0,0,0,0,0,54000,0,0,0,0,0,0,0,62400,0,0,108200
TAX_474,0,75200,0,0,0,0,0,0,0,0,0,0,0,0,63400,0,61200,0,0,0,0,0,0,0,0,0,0,51600,0,52600,54800,0,0,126600
TAX_475,0,0,0,0,0,0,0,0,0,0,0,0,0,0,0,0,0,0,0,0,0,0,0,0,0,0,0,0,0,0,0,0,0,56200
TAX_476,0,181400,0,0,0,0,112200,0,0,0,0,0,0,0,144000,112200,178200,0,77000,118600,0,100800,147800,113000,59000,56200,109600,130200,58800,160600,169600,139000,130400,236400
TAX_477,0,0,0,0,0,0,0,73400,0,0,0,0,0,0,0,0,0,0,0,0,0,0,0,0,0,0,0,0,0,0,0,0,0,0
TAX_478,0,382200,0,433400,0,0,0,272200,0,260800,0,0,178600,681200,103200,122800,157800,0,154400,81800,126800,160800,178200,170600,0,0,259200,129200,167800,436800,235000,460000,344000,90200
TAX_479,0,0,0,0,0,0,0,107200,0,0,0,0,0,71000,0,0,0,0,0,0,0,0,0,0,0,0,0,0,0,0,0,0,0,0
TAX_480,0,0,0,51200,0,0,0,0,0,0,0,0,0,0,0,0,0,0,0,0,0,0,0,0,0,0,0,0,0,0,0,0,0,0
TAX_481,0,54600,0,340600,0,90200,0,209200,0,171600,0,0,0,118000,0,0,0,0,0,0,0,0,0,0,0,0,0,0,0,84400,0,73600,52400,64000
TAX_482,0,977200,0,788000,0,394600,0,847600,0,349400,168000,0,806000,969600,739000,753200,508200,0,422000,850600,885200,548400,615000,572600,62200,73400,750800,626800,680000,693600,674200,826400,722600,377800
TAX_483,0,474000,0,50000,0,0,0,0,0,0,0,0,0,0,414200,438200,357800,64800,335800,448800,495400,426000,398800,313000,0,51600,286000,294600,423800,203800,419000,337200,292200,198000
TAX_484,0,0,0,0,0,0,0,79600,0,0,0,0,0,112400,0,0,0,0,0,0,0,0,0,0,51800,56800,0,0,106600,0,0,0,0,50200
TAX_485,0,363800,0,142400,0,0,0,519200,0,0,0,0,460600,518200,109400,114800,0,0,0,113800,168400,0,0,0,180200,218000,0,181400,270000,0,91800,0,0,262200
TAX_486,0,96400,0,0,0,0,0,0,0,0,0,0,0,0,67600,81000,0,0,52800,83600,116800,0,0,0,0,0,0,0,0,0,0,0,0,0
TAX_487,0,64000,0,0,0,0,0,0,0,0,0,0,0,60400,0,0,0,0,0,0,0,0,0,0,0,0,0,0,0,0,0,0,0,0
TAX_488,0,0,0,0,0,0,0,63800,0,0,0,0,83200,100600,0,0,0,0,0,0,0,0,0,0,0,0,0,0,0,0,0,0,0,0
TAX_489,0,114000,0,0,0,0,0,324800,0,0,0,0,0,315800,0,0,0,0,0,0,53600,0,0,0,0,0,0,74600,0,0,0,0,0,125000
TAX_490,0,63400,0,0,0,0,0,101200,0,0,0,0,136400,71200,0,0,0,0,0,0,0,0,0,0,0,0,0,0,0,0,0,0,0,0
TAX_491,0,245400,0,400000,197800,318400,0,229600,0,246600,218000,0,379400,228000,359200,370400,322200,137400,294800,408000,419000,344800,321400,304200,134400,153400,322000,401200,407000,324800,366400,373200,332400,227800
TAX_492,0,66600,0,0,0,0,0,0,0,0,0,0,0,0,53800,58200,51800,0,0,61200,70600,63000,56800,0,0,0,0,0,60200,0,62400,0,0,0
TAX_493,0,442200,0,188200,87600,124200,0,397400,0,0,87800,0,226400,398200,178400,186800,136800,0,123800,215600,230800,140400,137600,126000,74400,79400,134400,206800,210800,141400,166800,174000,150800,458200
TAX_494,0,132600,0,73800,0,58000,128600,132800,0,100600,0,0,97800,138200,65400,72400,60000,54200,56200,85000,98000,65200,62000,63000,328800,355400,57400,70400,76000,63000,60800,77200,68600,89200
TAX_495,0,0,0,0,0,0,0,0,0,0,0,0,0,0,0,0,0,0,0,0,0,0,0,0,0,0,0,0,0,0,55400,0,0,0
TAX_496,0,0,0,0,0,0,0,0,0,0,0,0,828200,0,0,0,0,0,0,0,0,0,0,0,0,0,0,0,0,0,0,0,0,0
TAX_497,0,0,0,0,0,0,0,0,0,0,0,0,113000,0,0,0,0,0,0,0,0,0,0,0,0,0,0,0,0,0,0,0,0,0
TAX_498,0,0,0,0,0,0,0,0,0,0,0,0,66600,0,0,0,0,0,0,0,0,0,0,0,0,0,0,0,0,0,0,0,0,0
TAX_499,0,0,0,0,0,0,0,0,0,0,0,0,251600,0,0,0,0,0,0,0,0,0,0,0,0,0,0,0,0,0,0,0,0,0
TAX_500,0,316800,0,0,0,0,69800,0,0,0,0,0,0,0,192800,180200,286800,111800,173600,286000,298400,244200,259400,164800,187600,208600,0,424800,502600,0,263400,67200,0,491000
TAX_501,0,115800,0,0,0,0,0,0,0,0,0,0,0,0,104000,126800,52400,63000,0,100800,159400,0,0,0,93600,116200,0,197000,360000,0,61800,0,0,151200
TAX_502,0,0,0,0,0,0,0,0,0,0,0,0,0,0,0,0,0,0,0,0,0,0,0,0,0,0,0,0,85800,0,0,0,0,0
TAX_503,0,632400,0,0,0,0,0,0,0,0,0,0,0,0,454000,462800,0,0,0,602600,619800,66200,98600,60400,0,0,314800,170400,225000,165400,0,386600,315600,107200
TAX_504,0,0,0,0,0,0,0,0,0,0,0,0,0,0,0,0,0,0,0,0,0,0,0,0,0,55200,0,0,0,0,0,0,0,219800
TAX_505,0,0,0,0,0,0,0,0,0,0,0,0,0,0,0,0,109400,0,55600,0,0,149000,154800,84600,0,0,0,0,0,79800,157800,0,0,67800
TAX_506,0,0,0,0,0,0,0,0,0,0,0,0,0,0,0,0,0,0,0,0,0,0,0,0,0,0,0,0,0,0,0,0,0,61800
TAX_507,0,234200,0,0,0,0,0,0,0,0,0,0,0,0,155400,170800,240800,0,128400,173000,243200,176400,127400,99000,81000,96000,149600,271600,412800,216000,196200,228000,160600,397600
TAX_508,0,65400,0,0,0,0,0,0,0,0,0,0,0,0,0,0,53800,0,0,50600,73000,0,0,0,0,0,0,91600,134600,0,0,60000,0,109400
TAX_509,0,0,0,0,0,0,0,0,0,0,0,0,0,0,0,0,77200,0,0,0,0,53000,0,0,0,0,0,0,70000,57200,54000,0,0,66800
TAX_510,0,0,0,0,0,0,0,59600,0,0,0,0,106800,82400,0,0,0,0,0,0,0,0,0,0,0,0,0,0,0,0,0,0,0,0
TAX_511,0,0,0,0,0,0,0,0,0,0,0,0,439800,0,0,0,0,0,0,0,0,0,0,0,0,0,0,0,0,0,0,0,0,0
TAX_512,0,269800,0,0,0,0,0,0,0,0,0,0,0,0,0,0,204200,0,227000,257400,311600,99800,76400,0,0,0,0,0,0,0,220800,0,0,0
TAX_513,0,61600,0,0,0,0,0,0,0,0,0,0,0,0,0,0,0,0,0,63600,63200,0,0,0,0,0,0,0,0,0,0,0,0,0
TAX_514,0,433000,0,0,0,0,0,0,0,0,0,0,0,0,275200,294800,95200,0,105000,465400,482600,126000,216000,148800,0,0,239800,232200,349400,156600,107200,267800,239800,0
TAX_515,0,0,0,0,0,0,0,0,0,0,0,0,0,0,75600,64400,0,0,0,0,0,0,0,0,0,52600,0,155200,99200,0,0,0,0,196400
TAX_516,0,118000,0,68800,0,0,0,0,0,0,0,0,0,0,128400,124400,107000,0,89200,114600,100800,104800,114200,100200,0,0,102400,69800,60000,103200,102400,111200,103600,92600
TAX_517,0,69600,0,0,0,0,0,0,0,0,0,0,0,0,53600,51600,0,0,0,74200,73800,0,0,0,0,0,0,0,51200,0,0,0,0,0
TAX_518,0,148200,0,0,0,0,0,0,0,0,0,0,0,0,104000,104000,64800,0,0,130600,82800,70800,69200,54000,0,0,0,0,0,0,63400,57600,50200,0
TAX_519,0,346000,0,0,0,0,0,0,0,0,0,0,0,53000,409000,403600,389600,61200,344800,345800,284000,385200,408400,367800,0,0,358000,286200,207000,364000,395600,369200,367200,308200
TAX_520,0,165800,0,0,0,0,0,0,0,0,0,0,0,0,85600,90600,58600,0,0,182200,193800,232400,128600,73800,111600,121400,0,79800,119000,0,154200,0,0,85600
TAX_521,0,0,0,0,0,0,0,0,0,0,0,0,0,0,0,0,0,0,0,0,0,0,0,0,0,0,0,0,0,0,0,0,0,59800
TAX_522,0,356000,0,0,0,0,0,0,0,0,0,0,0,0,228800,251600,77000,0,168600,279200,373400,0,60000,0,0,0,192200,222200,315000,74800,0,295600,221800,0
TAX_523,0,0,0,0,0,0,0,0,0,0,0,0,0,0,0,0,0,0,0,0,0,0,0,0,0,0,0,0,0,0,91400,0,0,376000
TAX_524,0,0,0,0,0,0,0,0,0,0,0,0,0,0,0,0,0,0,0,0,0,0,0,0,0,0,0,0,52200,0,0,0,0,0
TAX_525,0,154400,0,0,0,0,0,0,0,0,0,0,0,0,111800,89000,96000,141200,0,82800,54800,0,0,0,51400,0,0,189400,150600,0,60200,66800,0,408600
TAX_526,0,58200,0,0,0,0,0,0,0,0,0,0,0,0,51800,0,0,0,0,0,0,0,0,0,0,0,0,0,0,0,0,0,0,0
TAX_527,0,197800,0,0,0,0,0,0,0,0,0,0,0,0,161400,134400,94000,0,0,164400,148200,95200,83800,0,0,0,0,94600,92400,0,123400,0,0,140200
TAX_528,0,129000,0,0,0,0,0,0,0,0,0,0,0,0,0,0,0,0,0,73000,50400,0,0,0,0,0,0,0,0,0,0,0,0,0
TAX_529,0,105600,0,0,0,0,0,0,0,0,0,0,0,0,63400,0,89000,50600,74800,81000,0,0,71400,64800,0,0,63400,0,0,90600,73600,60200,73800,56200
TAX_530,0,122200,0,0,0,0,96800,0,0,0,0,0,0,55000,69000,0,0,0,0,58200,0,0,0,0,0,0,0,85800,0,0,0,0,0,157200
TAX_531,0,65800,0,0,0,0,0,0,0,0,0,0,0,0,0,0,0,0,0,0,0,0,0,0,0,0,0,0,0,0,0,0,0,61400
TAX_532,0,0,0,0,0,0,0,0,0,0,0,0,0,0,0,0,54400,0,0,0,0,0,0,0,0,0,0,0,0,53200,0,0,0,82800
TAX_533,0,174800,0,0,0,0,126600,0,0,0,0,0,0,0,104800,65400,93800,0,0,102000,0,0,51400,0,0,0,0,108000,0,111800,88600,69400,62800,243400
TAX_534,0,115400,0,0,0,0,99800,0,0,0,0,0,0,0,0,0,0,0,0,0,0,0,0,0,0,0,0,0,0,0,0,0,0,150000
TAX_535,0,289000,0,92800,0,0,115000,68400,0,0,0,0,0,123800,175000,130400,275000,110200,235200,297000,0,135800,213600,208800,0,0,266000,152400,53600,334000,236400,245600,309200,232200
TAX_536,0,90200,0,0,0,0,0,0,0,0,0,0,0,0,56400,0,0,0,0,59400,0,0,0,0,0,0,0,0,0,59800,0,0,55600,86200
TAX_537,0,0,0,0,0,0,0,0,0,0,0,0,50000,0,0,0,0,0,0,0,0,0,0,0,0,0,0,0,0,0,0,0,0,0
TAX_538,0,363000,0,0,0,0,270000,120800,0,0,0,0,80000,174400,247000,206200,178000,190200,88400,196000,73400,76400,123000,94600,117800,102800,95400,267600,136000,186000,168200,131800,138200,388400
TAX_539,0,0,0,0,0,0,0,0,0,0,0,0,0,0,0,0,0,0,0,0,0,0,0,0,0,0,0,0,0,0,0,0,0,58600
TAX_540,0,0,0,0,0,0,0,0,0,0,0,0,0,0,0,0,0,0,0,0,0,0,0,0,0,0,0,0,0,0,0,0,0,172400
TAX_541,0,83600,0,0,0,0,71400,0,0,0,0,0,0,0,54400,0,0,0,0,0,0,0,0,0,0,0,0,74200,0,0,0,0,0,133600
TAX_542,0,0,0,0,0,0,0,0,0,0,0,0,0,0,0,0,0,0,0,0,0,0,0,0,0,0,0,0,0,0,65800,0,0,112600
TAX_543,0,0,0,0,0,0,0,0,0,0,0,0,0,0,0,0,0,0,0,0,0,0,0,0,0,0,0,0,0,0,0,0,0,51200
TAX_544,0,0,0,0,0,0,0,0,0,0,0,0,0,0,0,0,0,0,0,0,0,0,0,0,0,0,0,0,0,0,0,0,0,140200
TAX_545,0,50600,0,0,0,0,54000,0,0,0,0,0,0,0,0,0,0,0,0,0,0,0,0,0,0,0,0,0,0,0,0,0,0,225600
TAX_546,0,0,0,0,0,0,0,0,0,0,0,0,0,0,0,0,0,0,0,0,0,0,0,0,0,0,0,0,0,0,0,0,0,60800
TAX_547,0,66800,0,0,0,0,0,0,0,0,0,0,0,0,0,0,0,0,0,66400,56200,0,0,0,0,0,0,0,0,0,0,0,0,0
TAX_548,0,267200,0,0,0,0,0,0,0,0,0,0,0,0,51200,54200,0,0,0,266600,239000,0,0,0,0,0,0,0,0,0,0,80400,54800,53200
TAX_549,0,0,0,0,0,0,0,52600,0,0,0,0,0,0,0,0,0,0,0,0,0,0,0,0,0,0,0,0,0,0,0,0,0,0
TAX_550,0,0,0,0,0,0,64600,0,0,0,0,0,0,0,0,0,0,0,0,0,0,0,0,0,0,0,0,65800,0,0,0,0,0,246600
TAX_551,0,76200,0,0,0,0,0,0,0,0,0,0,0,0,0,0,0,0,0,0,0,0,0,0,0,0,0,0,0,0,0,0,0,100200
TAX_552,0,0,0,0,0,0,0,0,0,0,0,0,0,0,0,0,0,0,0,0,0,0,0,0,0,0,0,0,0,0,59000,0,0,68800
TAX_553,0,155600,0,0,0,0,239000,0,0,0,0,0,0,0,160800,126000,114800,0,0,77000,0,84600,73200,59200,247400,246200,0,101200,71800,62000,195200,0,0,539200
TAX_554,0,0,0,0,0,0,85200,0,0,0,0,0,0,0,0,0,0,0,0,0,0,0,0,0,59800,56000,0,0,0,0,0,0,0,97800
TAX_555,0,0,0,0,0,0,0,0,0,0,0,0,0,0,0,0,0,0,0,0,0,0,0,0,0,0,0,0,0,0,0,0,0,59800
TAX_556,0,0,0,0,0,0,0,0,0,0,0,0,0,0,0,0,0,0,0,0,0,0,0,0,0,0,0,0,0,0,0,0,0,269200
TAX_557,0,0,0,0,0,0,0,0,0,0,0,0,0,0,0,0,0,0,0,0,0,0,0,0,0,0,0,0,0,0,0,0,0,117000
TAX_558,0,0,0,0,0,0,0,0,0,0,0,0,0,0,0,0,0,0,0,0,0,0,0,0,0,51600,0,0,0,0,0,0,0,0
TAX_559,0,0,0,0,0,0,0,0,0,0,0,0,0,0,0,0,0,0,0,0,0,0,0,0,0,0,0,0,0,0,0,0,0,67000
TAX_560,0,182800,0,0,0,0,175800,0,0,0,0,0,0,72600,89600,0,0,0,0,76600,0,0,0,0,0,0,0,103400,0,68600,0,0,0,240600
TAX_561,0,50000,0,0,0,0,0,0,0,0,0,0,0,0,0,93000,0,0,0,0,0,0,0,0,0,0,0,0,0,0,0,0,0,0
TAX_562,0,243800,0,0,0,0,0,0,0,0,0,0,0,115800,368400,368200,0,0,0,205000,227200,0,158000,108400,0,0,374000,386600,429400,105600,0,385800,383400,0
TAX_563,0,0,0,0,0,0,0,0,0,0,0,0,0,0,97800,98400,0,0,0,0,0,0,0,0,0,0,76600,130200,197600,0,0,176400,139600,0
TAX_564,0,0,0,0,0,0,0,0,0,0,0,0,0,0,64200,53000,0,0,0,0,0,0,0,0,0,0,0,0,0,0,0,0,0,0
TAX_565,0,0,0,0,0,0,57200,0,0,0,0,0,0,0,0,0,0,0,0,0,0,0,0,0,0,0,0,69200,75600,0,0,0,0,0
TAX_566,0,149000,0,0,0,0,0,0,0,0,0,0,0,70800,59000,65000,0,117000,0,126800,145000,0,0,0,154800,170400,62400,301600,317000,0,102600,104600,92400,200600
TAX_567,0,0,0,0,0,0,0,0,0,0,0,0,0,0,0,0,0,0,0,0,0,0,0,0,0,0,0,0,0,0,0,0,0,304000
TAX_568,0,0,0,0,0,0,0,0,0,0,0,0,0,0,0,0,0,0,0,0,0,0,0,0,0,0,0,0,0,0,0,0,0,121000
TAX_569,0,89200,0,0,0,0,0,0,0,0,0,0,0,0,0,0,133400,0,0,0,0,0,0,0,0,0,0,406200,87000,70000,0,0,111000,92200
TAX_570,0,0,0,0,0,0,0,0,0,0,0,0,0,0,0,0,51600,0,0,0,0,0,0,0,0,0,0,106200,98600,0,0,63800,0,0
TAX_571,0,0,0,0,0,0,0,0,0,0,0,0,0,0,0,0,0,0,0,0,0,0,0,0,0,0,0,0,0,0,77000,0,0,172800
TAX_572,0,0,0,0,0,0,0,0,0,0,0,0,0,83200,0,0,0,0,56200,0,0,0,0,0,0,0,124200,139000,296400,0,0,152800,0,0
TAX_573,0,0,0,0,0,0,0,0,0,0,0,0,0,0,0,0,0,0,0,0,0,0,0,0,0,0,0,55000,0,0,0,0,0,0
TAX_574,0,0,0,0,0,0,0,0,0,0,0,0,0,0,0,0,0,0,0,0,0,0,0,0,0,0,0,0,0,0,0,0,0,68000
TAX_575,0,62000,0,0,0,0,0,76600,0,0,0,0,0,0,0,0,0,0,0,0,0,0,0,0,52200,78200,0,0,54400,0,0,0,0,434400
TAX_576,0,0,0,0,0,0,0,0,0,0,0,0,0,0,0,0,0,0,0,0,0,0,0,0,0,0,0,0,0,0,0,0,0,457400
TAX_577,0,0,0,0,0,0,0,0,0,0,0,0,0,0,0,0,0,0,0,0,0,0,0,0,0,0,0,0,0,0,0,0,0,114600
TAX_578,0,0,0,0,0,0,0,0,0,0,0,0,0,0,0,0,0,0,0,0,0,0,0,0,0,0,0,0,0,0,0,0,0,152000
TAX_579,0,0,0,0,0,0,0,0,0,0,0,0,0,0,0,0,0,0,0,0,0,0,0,0,0,0,0,0,0,0,0,0,0,139400
TAX_580,0,58600,0,0,0,0,0,0,0,0,0,0,0,0,0,0,0,0,0,0,0,0,0,0,0,0,0,0,0,0,0,0,0,56000
TAX_581,0,0,0,0,0,0,0,0,0,0,0,0,0,0,0,0,0,0,0,0,0,93000,98600,54000,74000,97800,0,0,0,0,186000,0,0,577800
TAX_582,0,0,0,0,0,0,0,0,0,0,0,0,0,0,0,0,0,0,0,0,0,0,0,0,0,0,0,0,0,0,0,0,0,111400
TAX_583,0,0,0,0,0,0,0,0,0,0,0,0,0,0,0,0,0,0,0,0,0,0,0,0,0,0,0,0,0,0,0,0,0,53400
TAX_584,0,0,0,0,0,0,0,0,0,0,0,0,0,0,0,0,0,0,0,0,0,0,0,0,53200,59200,0,0,65800,0,0,0,0,193400
TAX_585,0,0,0,0,0,0,0,152600,0,0,0,0,0,0,0,0,0,0,0,0,0,0,0,0,0,0,0,0,0,0,0,0,0,0
TAX_586,0,72800,0,61200,0,0,0,547200,0,0,0,0,0,97200,0,0,0,0,0,0,0,0,0,0,0,0,0,0,0,0,0,0,0,124400
TAX_587,0,0,0,228600,0,0,0,108400,0,131800,0,0,0,0,0,0,0,0,0,0,0,0,0,0,0,0,0,0,0,0,0,0,0,0
TAX_588,0,0,0,83200,0,0,0,0,0,0,0,0,127600,0,0,0,0,0,0,0,0,0,0,0,0,0,0,0,0,0,0,0,0,0
TAX_589,0,120200,0,99800,0,0,0,112000,0,0,0,0,72400,128800,0,0,0,0,0,0,0,0,0,0,0,0,0,77800,75000,0,0,76200,57400,51400
TAX_590,0,122200,0,132000,0,0,0,168800,0,66800,0,0,65600,191800,0,0,0,0,0,0,0,0,0,0,0,0,0,88200,98200,0,0,66000,0,62400
TAX_591,0,884200,0,993800,0,65200,70600,1066000,0,544800,172800,0,830200,942800,238000,235200,326000,159200,124000,189000,213200,228000,220800,201800,108400,119800,332400,540600,501000,212000,464400,427400,417400,668600
TAX_592,0,50800,0,126000,0,0,0,141200,0,0,0,0,0,270200,0,0,0,0,0,0,0,0,0,0,0,0,0,0,0,0,0,0,0,0
TAX_593,0,0,0,0,0,0,0,64600,0,0,0,0,0,81000,0,0,0,0,0,0,0,0,0,0,0,0,0,0,0,0,0,0,0,0
TAX_594,0,719800,0,749000,0,243200,0,928600,0,439000,100600,0,423600,1140800,312800,299600,170600,83600,61200,114800,155400,69600,76200,73000,61000,82800,191400,664600,707400,104000,215800,545600,308600,418200
TAX_595,0,223200,0,223600,0,0,0,240400,0,100000,0,0,128800,208800,53000,51200,70800,0,0,0,0,0,0,0,0,0,106800,171000,148800,66800,80800,157600,130200,102200
TAX_596,0,0,0,0,0,0,0,0,0,0,0,0,0,103400,0,0,0,0,0,0,0,0,0,0,0,0,0,0,0,0,0,0,0,0
TAX_597,0,0,0,0,0,0,0,168400,0,0,0,0,0,121400,0,0,0,0,0,0,0,0,0,0,0,0,0,0,0,0,0,0,0,0
TAX_598,0,0,0,111400,0,0,0,116200,0,0,0,0,0,0,0,0,0,0,0,0,0,0,0,0,0,0,0,0,0,0,0,0,0,51800
TAX_599,0,0,0,0,0,0,0,511800,0,0,0,0,0,0,0,0,0,0,0,0,0,0,0,0,0,0,0,0,0,0,0,0,0,128800
TAX_600,0,0,0,0,0,0,0,78200,0,0,0,0,0,0,0,0,0,0,0,0,0,0,0,0,0,0,0,0,0,0,0,0,0,0
TAX_601,0,0,0,0,0,0,0,223400,0,0,0,0,0,0,0,0,0,0,0,0,0,0,0,0,0,0,0,0,0,0,0,0,0,0
TAX_602,0,0,0,0,0,0,0,0,0,0,0,0,0,0,0,0,0,0,0,0,0,0,0,0,0,0,0,0,0,0,0,0,0,61600
TAX_603,0,0,0,0,0,0,0,0,0,0,0,0,0,0,0,0,0,0,0,0,0,0,0,0,0,0,0,0,0,0,0,0,0,92400
TAX_604,0,0,0,0,0,0,0,0,0,0,0,0,0,0,0,0,0,0,0,0,0,0,0,0,52800,54800,0,0,63200,0,0,0,0,130000
TAX_605,0,0,0,0,0,0,0,0,0,0,0,0,0,0,0,58200,0,0,0,0,0,0,0,0,0,0,0,0,51800,0,0,0,0,304600
TAX_606,0,0,0,0,0,0,0,0,0,0,0,0,0,0,0,0,0,0,0,0,0,0,0,0,0,0,0,0,0,0,0,0,0,54000
TAX_607,0,0,0,0,0,0,0,0,0,0,0,0,0,0,0,0,0,0,0,0,0,0,0,0,0,0,0,0,0,0,0,0,0,69400
TAX_608,0,195200,0,378000,0,0,0,74000,0,98000,0,0,62200,69000,340600,452600,258800,62600,77200,384200,635600,416600,164400,196200,901400,1070800,243600,626600,1235600,184600,269400,248800,294600,2438600
TAX_609,0,0,0,63000,0,0,0,0,0,0,0,0,0,0,0,0,0,0,0,0,58400,0,0,0,73600,97400,0,51600,148000,0,0,0,0,343800
TAX_610,0,58800,0,55400,0,0,0,0,0,0,0,0,0,0,67400,89400,0,0,0,72400,92200,52400,0,0,142600,169400,53400,99800,193000,0,0,53800,68200,407400
TAX_611,0,0,0,0,0,0,0,0,0,0,0,0,0,0,0,66200,0,0,0,50600,72200,53400,0,0,110600,129800,0,69800,146600,0,0,0,0,287800
TAX_612,0,0,0,72200,0,0,0,0,0,0,0,0,0,0,0,51000,0,0,0,0,51200,0,0,0,75200,89200,0,0,104800,0,0,0,0,236000
TAX_613,0,56200,0,109400,0,0,0,0,0,0,0,0,0,0,59800,84600,0,0,0,55800,54400,65000,0,0,97000,103200,83800,63600,118200,64200,55000,73000,90600,256400
TAX_614,0,70200,0,107200,0,0,0,0,0,0,0,0,0,0,86800,101000,68600,0,0,77800,123000,92600,0,53200,167000,215200,74400,114200,231800,59000,79000,76800,77200,471800
TAX_615,0,0,0,0,0,0,0,0,0,0,0,0,0,0,0,0,0,0,0,0,0,0,0,0,0,60200,0,0,66400,0,0,0,0,152000
TAX_616,0,0,0,0,0,0,0,0,0,0,0,0,0,0,0,0,0,0,0,0,0,0,0,0,0,0,0,0,61000,0,0,0,0,115400
TAX_617,0,0,0,85800,0,0,0,0,0,0,0,0,0,0,57600,70600,0,0,0,61200,85800,61200,0,0,134400,158600,0,80400,178400,0,51600,0,0,376400
TAX_618,0,0,0,57400,0,0,0,0,0,0,0,0,0,0,0,55800,0,0,0,0,123400,58800,0,0,265400,332000,0,128200,353400,0,0,0,0,578600
TAX_619,0,71800,0,104000,0,0,0,0,0,0,0,0,0,0,55000,81000,59200,0,0,68200,77800,76600,0,0,119000,146000,50200,85600,162000,0,62200,56000,60400,403800
TAX_620,0,0,0,51200,0,0,0,0,0,0,0,0,0,0,0,0,0,0,0,0,0,0,0,0,61200,71400,0,0,66200,0,0,0,0,174200
TAX_621,0,152200,0,315000,0,0,0,65200,0,77000,0,0,0,84400,282200,383600,210200,55000,67800,306200,388200,341800,125000,135200,549200,668000,190600,379800,747800,129800,275800,240200,212000,1429600
TAX_622,0,75000,0,134000,0,0,0,0,0,0,0,0,0,0,145400,194200,119000,0,0,155000,215000,165800,78800,102800,311000,392400,104400,208800,415400,87200,131800,114400,118200,822400
TAX_623,0,0,0,0,0,0,0,0,0,0,0,0,0,0,0,0,0,0,0,0,0,0,0,0,0,55000,0,0,59600,0,0,0,0,134000
TAX_624,0,88200,0,118400,0,0,0,0,0,0,0,0,0,0,125000,151800,96600,50200,0,125000,252400,140800,82600,74200,368800,445800,79400,235400,477800,61400,107600,96000,104600,980400
TAX_625,0,0,0,73800,0,0,0,0,0,0,0,0,0,0,69400,79400,52800,0,0,71200,100800,68200,0,0,145200,178800,0,93000,191200,0,56800,0,59000,380200
TAX_626,0,55200,0,121600,0,0,0,0,0,0,0,0,0,0,80200,100000,67000,0,0,88600,124400,91000,0,56800,189800,242000,66200,123800,254400,52400,77400,80400,82800,552800
TAX_627,0,191600,0,321400,0,0,0,58000,0,120200,0,0,0,119200,255600,316200,179000,0,55400,251200,328400,279400,145000,166400,537000,656000,204200,327400,753800,180400,231000,223800,232400,1432000
TAX_628,0,0,0,0,0,0,0,0,0,0,0,0,0,0,0,0,0,0,0,0,0,0,0,0,52600,62800,0,0,74800,0,0,0,0,154200
TAX_629,0,51400,0,96000,0,0,0,0,0,0,0,0,0,0,97600,127400,77200,0,0,109800,170000,107400,56400,66400,241800,291200,71400,155600,320000,57800,83400,75000,87200,632000
TAX_630,0,0,0,0,0,0,0,0,0,0,0,0,0,0,0,0,0,0,0,0,0,0,0,0,0,0,0,0,55800,0,0,0,0,111800
TAX_631,0,0,0,0,0,0,0,0,0,0,0,0,0,0,0,0,0,0,0,0,0,0,0,0,60600,72000,0,0,138200,0,0,0,0,307200
TAX_632,0,0,0,53400,0,0,0,0,0,0,0,0,0,0,0,0,0,0,0,0,0,0,0,0,0,59600,0,0,71200,0,0,0,0,162600
TAX_633,0,0,0,59800,0,0,0,0,0,0,0,0,0,0,0,0,0,0,0,0,0,0,0,0,62200,60600,0,0,68600,0,0,0,0,148600
TAX_634,0,0,0,66000,0,0,0,0,0,0,0,0,0,0,0,0,0,0,0,0,55000,0,0,0,77600,203200,0,0,207000,0,0,0,0,640400
TAX_635,0,0,0,0,0,0,0,0,0,0,0,0,0,0,0,0,0,0,0,0,0,0,0,0,0,0,0,0,0,0,0,0,0,109200
TAX_636,0,0,0,134000,0,0,0,0,0,0,0,0,0,0,0,0,0,0,0,0,0,0,0,0,0,0,55200,0,0,0,0,0,51800,53000
TAX_637,0,0,0,0,0,0,0,0,0,0,0,0,0,0,0,0,0,0,0,0,0,0,0,0,0,0,0,0,0,0,0,0,0,52600
TAX_638,0,0,0,0,0,0,0,0,0,0,0,0,0,0,0,0,0,0,0,0,0,0,0,0,0,0,0,0,0,0,0,0,0,102200
TAX_639,0,0,0,0,0,0,0,0,0,0,0,0,0,0,0,0,0,0,0,0,0,0,0,0,0,0,0,0,0,0,0,0,0,102200
TAX_640,0,0,0,0,0,0,0,0,0,0,0,0,0,0,0,0,0,0,0,0,0,0,0,0,0,50600,0,0,53600,0,0,0,0,110200
TAX_641,0,0,0,52600,0,0,0,0,0,0,0,0,0,0,0,0,0,0,0,0,0,0,0,0,0,62200,0,0,64000,0,0,0,0,140000
TAX_642,0,0,0,0,0,0,0,0,0,0,0,0,0,0,0,0,0,0,0,0,0,0,0,0,60800,71600,0,0,84600,0,0,0,0,445000
TAX_643,0,0,0,0,0,0,0,0,0,0,0,0,0,0,0,0,0,0,0,0,0,0,0,0,110400,153600,0,0,176400,0,0,0,0,545200
TAX_644,0,0,0,0,0,0,0,0,0,0,0,0,0,0,0,0,0,0,0,0,0,0,0,0,0,0,0,0,51200,0,0,0,0,108000
TAX_645,0,57800,0,124200,0,0,0,0,0,65600,0,0,0,0,0,0,0,0,0,0,0,50800,0,0,58600,68800,52400,0,66200,0,0,0,55400,158600
TAX_646,0,0,0,75000,0,0,0,0,0,0,0,0,0,0,52800,62200,0,0,0,0,75800,62600,0,0,101200,123800,0,71200,135400,0,0,0,57800,277400
TAX_647,0,0,0,0,0,0,0,0,0,0,0,0,0,0,0,0,0,0,0,0,51400,0,0,0,80000,104800,0,52600,104600,0,0,0,0,206600
TAX_648,0,0,0,0,0,0,0,0,0,0,0,0,0,0,0,0,0,0,0,0,0,0,0,0,59400,73600,0,0,86400,0,0,0,0,179600
TAX_649,0,1818200,0,62600,0,0,706400,94600,0,0,0,0,0,335400,707800,667400,265600,55800,72000,599200,758200,232200,145600,140400,1025400,1146000,77400,1961600,2105400,104800,399600,114400,82200,4411000
TAX_650,0,1883200,0,0,0,0,544000,0,0,0,0,0,0,100200,2249000,2412000,1638400,1058200,460800,2611600,3352200,1385600,763000,694200,3671400,3747400,185600,3537200,3634000,455000,3115400,360000,198400,3743000
TAX_651,0,0,0,0,0,0,0,0,0,0,0,0,0,0,0,0,0,0,0,0,0,0,0,0,0,62600,0,0,73400,0,0,0,0,143200
TAX_652,0,0,0,0,0,0,0,0,0,0,0,0,0,0,0,0,0,0,0,0,0,0,0,0,66000,76200,0,0,95400,0,0,0,0,188200
TAX_653,0,246600,0,0,0,0,0,0,0,0,0,0,0,0,567000,843200,640000,0,205400,459800,1332800,823400,156000,293200,1710200,2446200,740000,2594600,5476400,531400,844000,680400,477400,6277400
TAX_654,0,0,0,0,0,0,0,0,0,0,0,0,0,0,0,0,0,0,0,0,0,0,0,0,57400,74800,0,0,80800,0,0,0,0,180800
TAX_655,0,995600,0,1024200,0,0,0,1154200,0,977400,0,0,138600,202000,75600,56000,0,0,0,93200,186200,0,0,0,0,55000,0,0,118600,0,73400,0,0,447000
TAX_656,0,0,0,0,0,0,0,0,0,0,0,0,0,0,0,0,0,0,0,0,0,0,0,0,0,0,0,0,0,0,0,0,0,57800
TAX_657,0,0,0,0,0,0,0,0,0,0,0,0,0,0,89800,87400,0,0,0,77200,126400,0,0,0,192000,336400,0,58400,182000,0,56600,0,0,661600
TAX_658,0,0,0,0,0,0,0,0,0,0,0,0,0,0,0,0,0,0,0,0,0,0,0,0,0,0,0,0,0,0,0,0,0,75200
TAX_659,0,0,0,0,0,0,0,0,0,0,0,0,0,56800,0,0,0,0,0,0,0,0,0,0,0,0,0,0,0,0,0,0,0,106400
TAX_660,0,0,0,0,0,0,0,0,0,0,0,0,0,0,0,0,0,0,0,0,0,0,0,0,0,0,0,0,0,0,0,0,0,152800
TAX_661,0,0,0,0,0,0,0,0,0,0,0,0,0,0,0,0,0,0,0,0,0,0,0,0,59800,70400,0,0,83000,0,0,0,0,164600
TAX_662,0,58200,0,167600,0,0,0,171400,0,102200,0,0,634000,98600,0,0,0,0,0,0,0,0,0,0,0,0,0,0,0,0,0,0,0,80800
TAX_663,0,0,0,0,0,0,0,0,0,0,0,0,0,0,0,0,0,0,0,0,0,0,0,0,0,0,0,0,0,0,0,0,0,81600
TAX_664,0,0,0,0,0,0,0,0,0,0,0,0,0,0,0,0,0,0,0,0,0,0,0,0,0,0,0,0,0,0,0,0,0,51000
TAX_665,0,0,0,0,0,0,0,0,0,0,0,0,0,0,0,0,0,0,0,0,0,0,0,0,0,0,0,0,0,0,0,0,0,89600
TAX_666,0,0,0,61200,0,0,0,0,0,0,0,0,0,0,0,53400,0,0,0,0,57000,55000,0,0,80200,102800,0,55200,112200,0,0,0,50600,198600
TAX_667,0,0,0,0,0,0,0,0,0,0,0,0,0,0,0,0,0,0,0,0,0,0,0,0,0,0,0,0,0,0,0,0,0,51000
TAX_668,0,0,0,0,0,0,0,0,0,0,0,0,0,0,0,0,0,0,0,0,0,0,0,0,0,0,0,0,0,0,0,0,0,90400
TAX_669,0,0,0,0,0,0,0,0,0,0,0,0,0,0,0,0,0,0,0,0,0,0,0,0,0,0,0,0,0,0,0,0,0,62800
TAX_670,0,0,0,0,0,0,0,0,0,0,0,0,0,0,0,0,0,0,0,0,0,0,0,0,0,0,0,0,54000,0,0,0,0,114000
TAX_671,0,0,0,107000,0,0,0,0,0,0,0,0,0,0,77600,79000,0,0,0,63200,84400,73400,0,0,115000,140000,0,104600,154600,0,57800,56600,63400,367000
TAX_672,0,0,0,0,0,0,0,0,0,0,0,0,0,0,0,0,0,0,0,0,0,0,0,0,0,0,0,0,0,0,0,0,0,69400
TAX_673,0,0,0,0,0,0,0,0,0,0,0,0,0,0,0,0,0,0,0,0,0,0,0,0,0,0,0,0,0,0,0,0,0,65200
TAX_674,0,0,0,0,0,0,0,0,0,0,0,0,0,0,0,0,0,0,0,0,0,0,0,0,0,0,0,0,0,0,0,0,0,74000
TAX_675,0,0,0,0,0,0,0,0,0,0,0,0,0,0,0,0,0,0,0,0,0,0,0,0,0,61800,0,0,63000,0,0,0,0,145600
TAX_676,0,65000,0,93800,0,0,0,0,0,0,0,0,0,0,58400,98200,60800,0,0,85400,108200,88200,0,0,143800,171000,59000,83600,194200,55400,72800,51800,71400,387600
TAX_677,0,0,0,0,0,0,0,0,0,0,0,0,0,0,0,0,0,0,0,0,0,0,0,0,0,0,0,0,0,0,0,0,0,122400
TAX_678,0,0,0,0,0,0,0,0,0,0,0,0,0,0,0,0,0,0,0,0,0,0,0,0,62600,79200,0,0,88800,0,0,0,0,170400
TAX_679,0,0,0,0,0,0,0,0,0,0,0,0,0,0,0,0,0,0,0,0,0,0,0,0,0,0,0,0,0,0,0,0,0,213200
TAX_680,0,0,0,0,0,0,0,0,0,0,0,0,0,0,0,0,0,0,0,0,0,0,0,0,0,0,0,0,0,0,0,0,0,51000
TAX_681,0,0,0,0,0,0,0,0,0,0,0,0,0,0,0,0,0,0,0,0,0,0,0,0,0,51600,0,0,55000,0,0,0,0,113800
TAX_682,0,0,0,0,0,0,0,0,0,0,0,0,0,0,0,0,0,0,0,0,0,0,0,0,0,0,0,0,60000,0,0,0,0,203400
TAX_683,0,0,0,0,0,0,0,0,0,0,0,0,0,0,0,50200,0,0,0,0,53000,0,0,0,70200,88600,0,81200,185600,0,0,0,0,367200
TAX_684,0,0,0,52200,0,0,0,0,0,0,0,0,0,0,0,0,0,0,0,0,0,0,0,0,0,57400,0,0,52200,0,0,0,0,130000
TAX_685,0,0,0,0,0,0,0,0,0,0,0,0,0,0,0,0,0,0,0,0,0,0,0,0,0,0,0,0,0,0,0,0,0,54800
TAX_686,0,0,0,0,0,0,0,0,0,0,0,0,0,0,0,0,0,0,0,0,0,0,0,0,0,0,0,0,51200,0,0,0,0,258400
TAX_687,0,0,0,0,0,0,0,0,0,0,0,0,0,0,0,0,0,0,0,0,0,0,0,0,0,0,0,0,57800,0,0,0,0,317400
TAX_688,0,0,0,0,0,0,0,0,0,0,0,0,0,0,0,0,0,0,0,0,0,0,0,0,51000,53800,0,0,76800,0,0,0,0,236000
TAX_689,0,0,0,0,0,0,0,0,0,0,0,0,0,0,0,0,0,0,0,0,0,0,0,0,63400,77600,0,51000,94400,0,0,0,0,204200
TAX_690,0,0,0,0,0,0,0,0,0,0,0,0,0,0,0,0,0,0,0,0,0,0,0,0,0,56400,0,0,58000,0,0,0,0,123600
TAX_691,0,0,0,0,0,0,0,0,0,0,0,0,0,0,0,0,0,0,0,0,0,0,0,0,0,111800,0,0,116200,0,0,0,0,337200
TAX_692,0,0,0,54800,0,0,0,0,0,0,0,0,0,0,51200,59800,0,0,0,53600,81800,52000,0,0,112800,135000,0,75600,140200,0,0,0,0,302600
TAX_693,0,0,0,0,0,0,0,0,0,0,0,0,0,0,0,0,0,0,0,0,0,0,0,0,0,0,0,0,0,0,0,0,0,77400
TAX_694,0,0,0,0,0,0,0,0,0,0,0,0,0,0,0,0,0,0,0,0,56000,0,0,0,82200,109200,0,0,112600,0,0,0,0,196800
TAX_695,0,0,0,0,0,0,0,0,0,0,0,0,0,0,0,0,0,0,0,0,0,0,0,0,0,59400,0,0,62600,0,0,0,0,121800
TAX_696,0,0,0,0,0,0,0,0,0,0,0,0,0,0,0,0,0,0,0,0,0,0,0,0,76600,92400,0,0,97000,0,0,0,0,186600
TAX_697,0,0,0,126000,0,0,0,0,0,0,0,0,0,0,228000,239600,100000,0,0,142200,244200,309400,215200,172200,387000,487600,50800,202200,476400,0,260800,103600,97000,1216000
TAX_698,0,197400,0,269600,0,0,0,52800,0,0,0,0,0,0,935600,940200,530600,76200,246000,533200,830600,1559000,1294600,1074800,1624200,1899400,238800,680400,1719000,76800,1696600,724600,639000,5172800
TAX_699,0,0,0,53000,0,0,0,0,0,0,0,0,0,0,106800,109600,67800,0,0,86400,111400,148800,96000,87400,177400,224000,0,121400,217800,0,125400,61000,57200,534200
TAX_700,0,374200,0,279000,0,0,57000,87600,0,186600,0,0,66200,93200,1737400,2138200,562800,58400,86000,1224600,1922200,850600,338200,462400,1194800,1786000,237600,796200,1659400,291800,394200,150000,172400,2418800
TAX_701,0,77400,0,136600,0,0,0,0,0,0,0,0,0,0,160000,267400,70800,0,0,293200,509000,160800,55000,50600,659600,847200,58600,440600,934800,51200,70200,65400,70000,1479600
TAX_702,0,0,0,0,0,0,0,0,0,0,0,0,0,0,0,0,0,0,0,0,59800,0,0,0,92000,122200,0,55600,141800,0,0,0,0,217400
TAX_703,0,0,0,0,0,0,0,0,0,0,0,0,0,0,0,0,0,0,0,0,0,0,0,0,0,0,0,0,0,0,0,0,0,118800
TAX_704,0,0,0,0,0,0,0,0,0,0,0,0,0,0,0,52000,0,0,0,0,68600,0,0,0,100400,138800,0,71800,151800,0,0,0,0,269000
TAX_705,0,0,0,0,0,0,0,0,0,0,0,0,0,0,0,0,0,0,0,0,0,0,0,0,54200,63600,0,0,67200,0,0,0,0,139600
TAX_706,0,0,0,0,0,0,0,0,0,0,0,0,0,0,0,0,0,0,0,51000,68400,0,0,0,85400,101800,0,97400,203400,0,0,0,0,165400
TAX_707,0,0,0,0,0,0,0,0,0,0,0,0,0,0,0,0,0,0,0,0,54800,0,0,0,54800,66400,0,0,98400,0,0,0,0,175800
TAX_708,0,0,0,0,0,0,0,0,0,0,0,0,0,0,0,0,0,0,0,0,0,0,0,0,0,0,0,0,0,0,0,0,0,139800
TAX_709,0,0,0,0,0,0,0,0,0,0,0,0,0,0,0,0,0,0,0,0,0,0,0,0,0,0,0,0,0,0,0,0,0,50400
TAX_710,0,0,0,0,0,0,0,0,0,0,0,0,0,0,0,0,0,0,0,0,0,0,0,0,0,0,0,0,0,0,0,0,0,58600
TAX_711,0,0,0,0,0,0,0,0,0,0,0,0,0,0,0,0,0,0,0,0,0,0,0,0,0,0,0,0,0,0,0,0,0,71400
TAX_712,0,0,0,0,0,0,0,0,0,0,0,0,0,0,0,0,0,0,0,0,0,0,0,0,0,0,0,0,0,0,0,0,0,66800
TAX_713,0,0,0,0,0,0,0,0,0,0,0,0,0,0,0,0,0,0,0,0,0,0,0,0,0,0,0,0,0,0,0,0,0,65800
TAX_714,0,0,0,96400,0,0,0,0,0,0,0,0,0,0,0,0,0,0,0,0,0,0,0,0,0,0,64200,0,0,0,0,52200,63800,67800
TAX_715,0,0,0,0,0,0,0,0,0,0,0,0,0,0,0,0,0,0,0,0,0,0,0,0,0,0,0,0,0,0,0,0,0,50400
TAX_716,0,0,0,0,0,0,0,0,0,0,0,0,0,0,0,0,0,0,0,0,0,0,0,0,0,0,0,0,0,0,0,0,0,79000
TAX_717,0,0,0,0,0,0,0,0,0,0,0,0,0,0,0,0,0,0,0,0,0,0,0,0,0,0,0,0,0,0,0,0,0,53400
TAX_718,0,0,0,0,0,0,0,0,0,0,0,0,0,0,0,0,0,0,0,0,0,0,0,0,0,0,0,0,0,0,0,0,0,130000
TAX_719,0,0,0,0,0,0,0,0,0,0,0,0,0,0,0,0,0,0,0,0,0,0,0,0,0,0,0,0,0,0,0,0,0,59200
TAX_720,0,0,0,57200,0,0,0,0,0,0,0,0,0,0,0,0,0,0,0,0,0,0,0,0,0,0,0,0,0,0,0,0,0,115800
TAX_721,0,0,0,0,0,0,0,0,0,0,0,0,0,0,0,0,0,0,0,0,0,0,0,0,0,0,0,0,0,0,0,0,0,58000
TAX_722,0,0,0,0,0,0,0,0,0,0,0,0,0,0,0,0,0,0,0,0,0,0,0,0,0,0,0,0,0,0,0,0,0,64000
TAX_723,0,0,0,0,0,0,0,0,0,0,0,0,0,0,0,0,0,0,0,0,0,0,0,0,0,0,0,0,0,0,0,0,0,78200
TAX_724,0,0,0,72600,0,0,0,0,0,0,0,0,0,0,0,0,0,0,0,0,0,0,0,0,0,52200,0,0,61800,0,0,0,0,143600
TAX_725,0,0,0,0,0,0,0,0,0,0,0,0,0,0,0,0,0,0,0,0,0,0,0,0,0,0,0,0,0,0,0,0,0,66400
TAX_726,0,0,0,0,0,0,0,0,0,0,0,0,0,0,0,0,0,0,0,0,0,0,0,0,0,0,0,0,0,0,0,0,0,63400
TAX_727,0,0,0,50200,0,0,0,0,0,0,0,0,0,0,0,0,0,0,0,0,0,0,0,0,0,0,0,0,0,0,0,0,0,105000
TAX_728,0,0,0,0,0,0,0,0,0,0,0,0,0,0,0,0,0,0,0,0,0,0,0,0,0,0,0,0,0,0,0,0,0,98800
TAX_729,0,0,0,0,0,0,0,0,0,0,0,0,0,0,0,0,0,0,0,0,0,0,0,0,0,0,0,0,0,0,0,0,0,60400
TAX_730,0,0,0,0,0,0,0,0,0,0,0,0,0,0,0,0,0,0,0,0,0,0,0,0,0,0,0,0,0,0,0,0,0,51600
TAX_731,0,0,0,511400,0,0,0,0,0,0,0,0,0,0,0,0,0,0,0,0,0,0,0,0,0,0,0,0,0,0,0,0,0,83200
TAX_732,0,0,0,0,0,0,0,0,0,0,0,0,0,0,0,0,0,0,0,0,0,0,0,0,0,0,0,0,0,0,0,0,0,51200
TAX_733,0,0,0,166600,0,0,0,0,0,0,0,0,0,0,0,0,0,0,0,0,0,0,0,0,0,0,0,0,0,0,0,0,0,0
TAX_734,0,60800,0,260000,0,0,0,0,0,0,0,0,0,0,0,0,0,0,0,0,0,60200,0,0,0,0,0,0,0,0,59400,54800,0,157000
TAX_735,0,0,0,147400,0,0,0,67600,0,0,0,0,0,0,0,0,0,0,0,0,0,0,0,0,0,0,0,0,0,0,65400,0,0,57800
TAX_736,0,0,0,56800,0,0,0,0,0,0,0,0,0,0,0,0,0,0,0,0,0,0,0,0,0,0,0,0,0,0,0,0,0,52200
TAX_737,0,0,0,151200,0,0,0,0,0,54800,0,0,0,0,0,0,0,0,0,0,57800,56200,0,0,56600,72400,0,0,88000,0,0,0,0,237600
TAX_738,0,301800,0,1274600,0,993200,0,282600,0,487000,0,0,780200,328000,64200,57000,0,0,0,0,0,105800,105200,91200,0,0,0,0,72200,0,187400,0,0,290400
TAX_739,0,0,0,95400,0,0,0,0,0,0,0,0,0,0,0,0,0,0,0,0,0,0,0,0,50600,58400,0,0,69600,0,0,0,0,217600
TAX_740,0,0,0,80000,0,0,0,0,0,0,0,0,0,0,169400,217000,0,0,0,0,0,52200,0,0,0,0,0,0,0,0,57200,0,0,54600
TAX_741,0,250000,0,3216400,0,87400,0,314800,0,733600,50200,0,163600,99800,286600,270600,216000,0,83400,69200,77000,703200,459000,402000,164400,194000,80000,59600,244000,92000,1125000,155400,129400,939000
TAX_742,0,0,0,0,0,0,0,0,0,0,0,0,0,0,0,0,0,0,0,0,0,0,0,0,0,0,0,0,0,0,0,0,0,55800
TAX_743,0,0,0,59400,0,0,0,0,0,0,0,0,0,0,0,0,0,0,0,0,0,0,0,0,57600,74200,0,0,85000,0,0,0,0,178800
TAX_744,0,0,0,64400,0,0,0,0,0,0,0,0,0,0,0,0,0,0,0,0,0,0,0,0,0,0,0,0,0,0,0,0,0,59200
TAX_745,0,0,0,50600,0,0,0,0,0,0,0,0,0,0,0,0,0,0,0,0,0,0,0,0,0,0,0,0,0,0,0,0,0,0
TAX_746,0,0,0,0,0,0,0,0,0,0,0,0,0,0,0,0,0,0,0,0,0,0,0,0,0,0,0,0,0,0,0,0,0,63800
TAX_747,0,0,0,81400,0,0,0,0,0,0,0,0,0,0,0,0,0,0,0,0,0,0,0,0,0,0,0,0,0,0,0,0,0,50200
TAX_748,0,194600,0,369800,0,0,0,0,0,81000,0,0,0,59600,68800,76400,53800,0,50000,0,0,79400,51600,67200,54400,52800,102600,0,54600,68800,60200,98200,105600,262600
TAX_749,0,272800,0,396600,0,0,0,117000,0,166000,107800,0,101600,167600,158600,172200,126200,114200,157000,117200,79600,170000,108000,120600,116800,118800,208800,94400,129600,183600,142600,224000,230800,316000
TAX_750,0,0,0,1834400,0,0,0,0,0,0,0,0,0,0,647600,662200,338200,69000,115200,0,0,646000,516600,308600,0,0,72800,0,0,0,499000,64200,53200,289600
TAX_751,0,0,0,0,0,0,0,0,0,0,0,0,0,0,0,0,0,0,0,0,0,0,0,0,0,0,0,0,0,0,0,0,0,58600
TAX_752,0,0,0,0,0,0,0,0,0,0,0,0,0,0,0,57400,0,0,0,0,62200,0,0,0,98800,176200,0,75000,199000,0,0,0,0,378400
TAX_753,0,0,0,0,0,0,0,0,0,0,0,0,0,0,0,0,0,0,0,0,55200,0,0,0,82600,91400,0,57200,114200,0,0,0,0,202200
TAX_754,0,53800,0,0,0,0,0,0,0,0,0,0,0,0,0,0,0,0,0,67000,94400,0,0,0,51400,66800,0,52200,92000,0,0,0,0,291600
TAX_755,0,0,0,0,0,0,0,0,0,0,0,0,0,0,0,0,0,0,0,0,0,0,0,0,0,0,0,0,0,0,0,0,0,84200
TAX_756,0,0,0,0,0,0,0,0,0,0,0,0,0,0,0,0,0,0,0,0,0,0,0,0,0,0,0,0,0,0,0,0,0,151000
TAX_757,0,69000,0,67400,0,0,0,0,0,0,0,0,0,0,105600,133400,87800,0,0,127000,203200,163600,0,57600,199600,322000,57800,221200,570800,54200,69400,50800,59400,1389000
TAX_758,0,0,0,69800,0,0,0,0,0,0,0,0,0,0,0,51400,0,0,0,54400,60800,54400,0,0,74000,107200,0,58600,125400,0,0,0,0,266200
TAX_759,0,0,0,0,0,0,0,0,0,0,0,0,0,0,0,0,0,0,0,0,0,0,0,0,0,0,0,0,0,0,0,0,0,71800
TAX_760,0,115000,0,211600,0,0,0,51600,0,90800,0,0,52000,80400,90200,121000,104000,0,0,103600,129000,132600,65600,77200,181800,211000,131800,151400,251000,119200,101200,131600,136000,499400
TAX_761,0,0,0,0,0,0,0,0,0,0,0,0,0,0,0,0,0,0,0,0,0,0,0,0,0,0,0,0,0,0,0,0,0,88400
TAX_762,0,0,0,0,0,0,0,0,0,0,0,0,0,0,0,0,0,0,0,0,0,0,0,0,0,0,0,0,0,0,0,0,0,108000
TAX_763,0,90800,0,189000,0,0,0,0,0,57000,0,0,0,0,63600,65200,59600,0,0,74400,73400,55800,0,0,94000,93400,0,67400,110400,0,53400,0,0,365400
TAX_764,0,0,0,0,0,0,0,0,0,0,0,0,0,0,0,0,0,0,0,0,0,0,0,0,0,0,0,0,0,0,0,0,0,68200
TAX_765,0,62800,0,65200,0,0,0,0,0,0,0,0,0,0,140400,187600,65800,0,0,181600,350200,112400,53400,51800,397800,497600,56600,401200,1045400,51400,74400,69200,64400,2099800
TAX_766,0,0,0,0,0,0,0,0,0,0,0,0,0,0,0,0,0,0,0,0,0,0,0,0,0,60800,0,0,60600,0,0,0,0,122400
TAX_767,0,0,0,0,0,0,0,0,0,0,0,0,0,0,0,0,0,0,0,0,60000,0,0,0,140600,160400,0,56400,189000,0,0,0,0,345800
TAX_768,0,0,0,0,0,0,0,0,0,0,0,0,0,0,0,0,0,0,0,0,63200,0,0,0,108800,133400,0,73800,146000,0,0,0,0,280800
TAX_769,0,749000,0,110600,0,0,177200,77600,0,0,0,0,0,129800,993000,1377200,277200,200000,0,1615000,3031000,216800,59000,74600,6088200,6637400,0,4685200,6621200,0,186600,0,0,7267400
TAX_770,0,0,0,0,0,0,0,0,0,0,0,0,0,0,0,57800,0,52200,0,0,121600,0,0,0,194800,326200,0,133400,360000,0,0,0,0,687600
TAX_771,0,0,0,68600,0,0,0,0,0,0,0,0,0,0,0,0,0,0,0,0,0,0,0,0,75000,87400,0,54400,103000,0,0,0,0,220800
TAX_772,0,0,0,0,0,0,0,0,0,0,0,0,0,0,50600,50800,0,0,0,0,50000,0,0,0,68600,83000,0,0,92400,0,0,0,0,160600
TAX_773,0,0,0,0,0,0,0,0,0,0,0,0,0,0,0,0,0,0,0,0,0,0,0,0,0,0,0,0,0,0,0,0,0,73200
TAX_774,0,0,0,54200,0,0,0,0,0,0,0,0,69400,0,0,0,58600,0,0,0,0,0,0,0,0,0,0,0,59600,0,0,53000,61600,116400
TAX_775,0,0,0,0,0,0,0,0,0,0,0,0,0,0,0,0,0,0,0,0,0,0,0,0,0,0,0,0,0,0,0,0,0,80400
TAX_776,0,0,0,0,0,0,0,0,0,0,0,0,0,0,0,0,0,0,0,0,0,0,0,0,0,50000,0,0,56800,0,0,0,0,120400